bedrooms,bath_rooms,size_sqft,location,year_built,garage_available,furnishing,house_condition,has_pool,lot_size,price,house_age
3.0,1.0,1149,Rural,2004,1.0,unfurnished,new,0.0,0.15,244043,21
3.0,2.0,1169,Rural,1989,1.0,semi-furnished,Old,0.0,0.23,211250,36
4.0,3.0,1409,Suburban,1993,1.0,unfurnished,gd,0.0,0.19,257239,32
3.0,3.0,1647,Suburban,2021,0.0,semi-furnished,new,0.0,0.27,310316,4
2.0,3.0,1865,Urban,2009,0.0,furnished,old,1.0,0.39,334791,16
2.0,2.0,1179,ruraal,2020,1.0,semi furnished,Old,0.0,0.32,228260,5
1.0,2.0,2097,Suburban,2004,0.0,semi-furnished,new,0.0,0.33,361672,21
5.0,3.0,1392,Suburban,1993,1.0,semi furnished,new,0.0,0.12,259003,32
3.0,1.0,1491,Rural,2014,0.0,furnished,old,0.0,0.01,263096,11
4.0,2.0,1201,ruraal,2013,0.0,semi-furnished,gd,0.0,0.13,242759,12
1.0,1.0,530,sub-urban,1989,0.0,unfurnished,Old,0.0,0.16,107493,36
3.0,2.0,1854,Urban,2014,1.0,furnished,New,1.0,0.38,342831,11
4.0,4.0,1795,Suburban,1990,1.0,furnished,Good,0.0,0.12,319749,35
2.0,1.0,1387,ruraal,1990,0.0,unfurnished,gd,0.0,0.35,258014,35
2.0,3.0,1527,ruraal,2000,0.0,furnished,Old,1.0,0.13,281804,25
2.0,4.0,1706,Urban,2000,0.0,unfurnished,new,0.0,0.07,311908,25
2.0,1.0,875,ruraal,2001,1.0,semi-furnished,Old,1.0,0.08,172999,24
3.0,2.0,1288,ruraal,1986,1.0,furnished,Good,0.0,0.59,233692,39
3.0,4.0,1818,ruraal,1996,1.0,semi-furnished,old,1.0,0.13,335365,29
2.0,1.0,998,Suburban,1981,1.0,unfurnished,Good,0.0,0.35,203836,44
3.0,2.0,1617,Urban,1991,1.0,furnished,New,1.0,0.02,294600,34
2.0,1.0,957,ruraal,2021,0.0,semi-furnished,New,1.0,0.46,218645,4
2.0,4.0,1687,ruraal,1997,1.0,unfurnished,Good,0.0,0.3,310738,28
3.0,2.0,1486,Suburban,1990,0.0,furnished,gd,0.0,0.29,266638,35
3.0,4.0,854,Urban,1995,0.0,unfurnished,gd,1.0,0.31,183563,30
4.0,2.0,1966,Rural,1997,1.0,semi furnished,new,0.0,0.33,364615,28
2.0,3.0,1206,Suburban,2014,1.0,unfurnished,New,0.0,0.37,236943,11
3.0,3.0,1176,Urban,2005,1.0,semi furnished,new,0.0,0.16,260896,20
3.0,2.0,1580,ruraal,1995,1.0,semi-furnished,New,1.0,0.15,315431,30
1.0,3.0,1959,Urban,1985,1.0,unfurnished,Good,0.0,0.26,346290,40
3.0,1.0,1094,Urban,2023,0.0,semi-furnished,gd,0.0,0.35,213555,2
2.0,2.0,1525,sub-urban,2022,1.0,semi-furnished,gd,0.0,0.24,288298,3
1.0,1.0,1672,Urban,2021,1.0,furnished,Good,1.0,0.37,296597,4
5.0,1.0,1777,Rural,1991,1.0,semi-furnished,new,1.0,0.34,352771,34
3.0,1.0,1571,Urban,1992,1.0,semi-furnished,new,0.0,0.22,305539,33
4.0,2.0,1353,Rural,1983,0.0,unfurnished,Old,0.0,0.01,254390,42
2.0,2.0,1169,ruraal,2018,1.0,unfurnished,New,1.0,0.17,246458,7
1.0,3.0,1534,Rural,1981,1.0,furnished,new,0.0,0.51,282897,44
4.0,1.0,1071,ruraal,2005,0.0,furnished,Good,0.0,0.3,200107,20
3.0,2.0,331,ruraal,2006,1.0,semi-furnished,new,0.0,0.15,119186,19
2.0,2.0,1675,Rural,2006,1.0,furnished,gd,0.0,0.29,292525,19
3.0,3.0,1862,Suburban,1994,1.0,semi furnished,New,1.0,0.35,343426,31
1.0,2.0,555,urbn,1987,1.0,semi-furnished,old,0.0,0.15,126314,38
5.0,2.0,1096,Urban,1986,0.0,furnished,Old,0.0,0.44,195207,39
2.0,3.0,1748,sub-urban,2019,0.0,furnished,New,1.0,0.32,338639,6
4.0,2.0,2323,urbn,1991,0.0,furnished,gd,1.0,0.09,398673,34
2.0,1.0,1508,Urban,1992,1.0,semi-furnished,gd,0.0,0.38,259719,33
3.0,1.0,1209,Urban,2022,0.0,semi furnished,gd,0.0,0.19,224250,3
3.0,3.0,1427,ruraal,1996,0.0,furnished,gd,1.0,0.22,278532,29
2.0,1.0,2050,Urban,1996,1.0,furnished,Good,0.0,0.1,342530,29
3.0,3.0,1242,sub-urban,2015,1.0,semi furnished,Old,0.0,0.34,243441,10
4.0,2.0,1180,Urban,2000,1.0,furnished,old,0.0,0.23,223417,25
5.0,4.0,1307,Rural,1987,0.0,furnished,gd,0.0,0.35,236933,38
5.0,3.0,1119,urbn,1984,0.0,unfurnished,gd,1.0,0.17,241976,41
3.0,2.0,1549,Rural,2005,0.0,semi-furnished,new,0.0,0.15,275708,20
5.0,2.0,2150,sub-urban,1995,1.0,semi-furnished,Old,0.0,0.14,359299,30
1.0,3.0,1629,Urban,2015,1.0,furnished,New,0.0,0.31,302316,10
2.0,2.0,1399,sub-urban,2007,1.0,furnished,Old,0.0,0.15,280607,18
1.0,2.0,1383,ruraal,2008,0.0,furnished,Old,0.0,0.22,249039,17
2.0,2.0,875,Rural,1991,1.0,semi-furnished,old,0.0,0.17,177393,34
3.0,3.0,1853,Rural,2016,0.0,unfurnished,Old,0.0,0.32,317992,9
2.0,2.0,1469,Suburban,2009,0.0,furnished,old,0.0,0.01,265936,16
4.0,3.0,1428,Urban,2002,1.0,semi furnished,gd,0.0,0.29,262062,23
3.0,2.0,2777,ruraal,1995,1.0,unfurnished,gd,0.0,0.51,472703,30
2.0,2.0,1620,Rural,1993,0.0,semi-furnished,Good,0.0,0.44,294542,32
3.0,3.0,1199,Rural,1989,0.0,unfurnished,old,0.0,0.16,215509,36
2.0,1.0,1329,ruraal,1986,1.0,semi furnished,old,1.0,0.32,232495,39
4.0,1.0,1959,sub-urban,2016,0.0,furnished,New,0.0,0.3,353186,9
1.0,2.0,1545,sub-urban,2008,0.0,semi furnished,new,0.0,0.47,302571,17
3.0,1.0,925,Urban,1982,0.0,semi furnished,Old,0.0,0.13,167083,43
4.0,1.0,1868,Suburban,1994,0.0,furnished,New,0.0,0.42,337539,31
2.0,1.0,1233,Rural,2015,0.0,furnished,old,0.0,0.21,216093,10
1.0,1.0,2249,Suburban,1998,1.0,furnished,New,1.0,0.14,393752,27
4.0,1.0,1932,sub-urban,1992,0.0,furnished,Good,0.0,0.13,346404,33
4.0,2.0,1321,sub-urban,2021,1.0,furnished,new,1.0,0.06,276465,4
4.0,2.0,2012,urbn,2000,1.0,semi furnished,old,1.0,0.16,357490,25
4.0,2.0,1527,Urban,2016,1.0,semi-furnished,old,0.0,0.09,254232,9
1.0,2.0,1841,urbn,2006,1.0,semi-furnished,Old,0.0,0.28,317021,19
3.0,1.0,1694,urbn,2008,1.0,furnished,new,0.0,0.34,321968,17
2.0,4.0,1161,urbn,1999,0.0,semi-furnished,Good,0.0,0.21,204659,26
5.0,3.0,1243,Urban,2004,1.0,semi-furnished,gd,0.0,0.47,233911,21
3.0,1.0,1912,Urban,1985,1.0,semi-furnished,New,0.0,0.17,351667,40
2.0,2.0,1366,ruraal,2015,1.0,semi furnished,Old,0.0,0.2,232989,10
1.0,3.0,1339,Suburban,1981,1.0,furnished,old,0.0,0.18,225457,44
2.0,4.0,1118,Suburban,2001,1.0,furnished,gd,0.0,0.34,198162,24
2.0,2.0,1669,ruraal,2011,1.0,semi furnished,Good,0.0,0.35,306095,14
4.0,2.0,2325,ruraal,1995,0.0,semi-furnished,new,0.0,0.32,397380,30
3.0,1.0,1073,sub-urban,1997,1.0,semi-furnished,New,0.0,0.23,229330,28
5.0,2.0,1510,urbn,1984,1.0,semi furnished,Old,0.0,0.05,264710,41
3.0,1.0,2065,ruraal,2015,1.0,furnished,old,1.0,0.2,383755,10
2.0,4.0,1468,Rural,2009,0.0,furnished,old,0.0,0.47,249825,16
4.0,2.0,1681,Suburban,1998,1.0,unfurnished,gd,0.0,0.4,305268,27
4.0,2.0,1075,ruraal,2002,0.0,furnished,gd,0.0,0.29,198898,23
3.0,2.0,1671,Rural,2013,0.0,semi-furnished,New,0.0,0.19,314452,12
4.0,1.0,1425,Rural,1992,1.0,furnished,new,1.0,0.25,280549,33
3.0,1.0,1894,Rural,2022,0.0,semi furnished,Good,0.0,0.19,323769,3
3.0,1.0,1975,sub-urban,2008,1.0,semi-furnished,new,0.0,0.43,356478,17
3.0,1.0,2536,sub-urban,2015,0.0,furnished,new,0.0,0.12,439331,10
1.0,3.0,1732,Rural,2001,1.0,semi-furnished,new,0.0,0.39,314207,24
2.0,2.0,1630,sub-urban,2015,0.0,semi-furnished,New,0.0,0.17,309972,10
1.0,1.0,1578,urbn,1988,0.0,unfurnished,New,0.0,0.45,279189,37
3.0,2.0,1359,Rural,2018,0.0,furnished,Good,0.0,0.31,273560,7
2.0,3.0,1635,urbn,1998,0.0,unfurnished,new,0.0,0.14,309587,27
3.0,4.0,1382,urbn,2017,0.0,semi-furnished,New,0.0,0.2,269387,8
5.0,2.0,1567,Rural,1985,0.0,semi-furnished,Good,0.0,0.36,305703,40
2.0,1.0,2027,Suburban,1994,1.0,unfurnished,old,0.0,0.18,344957,31
3.0,2.0,1097,Rural,1999,0.0,furnished,Good,0.0,0.25,215664,26
4.0,3.0,1956,Rural,1988,1.0,semi-furnished,new,1.0,0.17,360427,37
2.0,2.0,2027,sub-urban,2011,0.0,unfurnished,Old,0.0,0.51,354425,14
1.0,1.0,1453,Rural,1983,1.0,furnished,new,0.0,0.54,289711,42
2.0,3.0,651,Suburban,1997,1.0,unfurnished,Old,0.0,0.47,142739,28
2.0,1.0,1257,sub-urban,1984,1.0,unfurnished,Good,0.0,0.23,245968,41
5.0,1.0,2019,Urban,1999,0.0,semi furnished,old,1.0,0.19,344346,26
4.0,2.0,1491,Urban,2002,0.0,semi-furnished,old,0.0,0.13,262188,23
3.0,2.0,1100,urbn,1990,1.0,furnished,New,0.0,0.48,234583,35
5.0,2.0,1298,urbn,2016,0.0,furnished,old,0.0,0.39,244069,9
4.0,1.0,1836,Suburban,2001,0.0,semi furnished,gd,1.0,0.4,330283,24
2.0,3.0,1719,ruraal,1983,0.0,semi-furnished,Good,0.0,0.21,292118,42
5.0,1.0,1404,Urban,2008,0.0,furnished,New,1.0,0.01,284066,17
3.0,1.0,1353,urbn,2023,0.0,unfurnished,old,0.0,0.02,239935,2
4.0,3.0,1343,Urban,2013,1.0,semi furnished,Good,1.0,0.26,250488,12
5.0,2.0,1131,Suburban,1992,0.0,furnished,new,0.0,0.17,224399,33
2.0,3.0,2146,Suburban,2021,1.0,semi-furnished,old,0.0,0.15,347275,4
2.0,3.0,1371,ruraal,1988,0.0,semi-furnished,Old,1.0,0.3,256561,37
2.0,2.0,1987,ruraal,2021,0.0,semi-furnished,Good,0.0,0.4,351219,4
3.0,2.0,2109,sub-urban,2010,1.0,unfurnished,New,0.0,0.14,370022,15
4.0,1.0,1899,Suburban,1986,0.0,furnished,new,0.0,0.05,334629,39
5.0,2.0,1327,urbn,1983,1.0,semi furnished,gd,1.0,0.15,251657,42
1.0,2.0,1661,Urban,1998,1.0,semi furnished,new,1.0,0.09,308059,27
3.0,1.0,1490,Rural,2021,0.0,semi-furnished,old,0.0,0.34,269746,4
3.0,3.0,1139,ruraal,2009,1.0,furnished,Old,0.0,0.25,210356,16
2.0,2.0,1630,Rural,2010,0.0,furnished,new,1.0,0.53,309825,15
2.0,1.0,1028,urbn,2014,1.0,furnished,gd,0.0,0.36,205643,11
2.0,1.0,1975,ruraal,2000,0.0,furnished,New,1.0,0.52,354925,25
5.0,2.0,1314,Rural,2010,1.0,furnished,Good,0.0,0.04,252085,15
2.0,1.0,1580,urbn,1998,0.0,semi-furnished,Old,0.0,0.24,284611,27
3.0,3.0,1613,Urban,2010,1.0,furnished,gd,1.0,0.29,295902,15
4.0,2.0,1396,urbn,2011,1.0,semi-furnished,old,1.0,0.27,267755,14
3.0,2.0,1735,sub-urban,1981,1.0,furnished,old,0.0,0.23,301844,44
3.0,2.0,1310,ruraal,1989,1.0,semi furnished,old,0.0,0.26,221661,36
3.0,3.0,1849,Suburban,1981,1.0,semi furnished,Old,0.0,0.08,328515,44
2.0,2.0,962,Urban,1981,1.0,semi-furnished,new,0.0,0.33,221265,44
3.0,2.0,1551,Rural,2003,0.0,semi-furnished,Old,0.0,0.36,272569,22
2.0,2.0,2276,ruraal,1996,0.0,furnished,old,0.0,0.07,379088,29
2.0,1.0,1100,Suburban,2011,0.0,semi-furnished,gd,1.0,0.2,217270,14
1.0,3.0,1229,urbn,1995,0.0,semi-furnished,Good,0.0,0.21,234756,30
3.0,3.0,1706,Suburban,1995,0.0,semi furnished,Good,0.0,0.15,305208,30
3.0,2.0,1572,ruraal,2018,1.0,semi furnished,Old,0.0,0.08,268693,7
1.0,3.0,1640,ruraal,2010,0.0,furnished,old,0.0,0.25,279539,15
2.0,3.0,1696,sub-urban,2022,1.0,semi-furnished,New,0.0,0.29,324073,3
5.0,3.0,1754,sub-urban,2003,0.0,semi-furnished,Old,0.0,0.16,302450,22
2.0,3.0,1944,Suburban,1980,0.0,furnished,old,1.0,0.09,323139,45
2.0,2.0,1664,urbn,1990,1.0,furnished,new,0.0,0.31,322803,35
3.0,2.0,1403,Suburban,2000,1.0,furnished,Good,0.0,0.13,252653,25
3.0,2.0,1769,ruraal,1983,1.0,unfurnished,Good,0.0,0.2,312508,42
2.0,3.0,2260,ruraal,1986,1.0,semi-furnished,Good,1.0,0.18,391685,39
4.0,1.0,1447,Rural,2005,0.0,unfurnished,New,0.0,0.44,262463,20
4.0,3.0,1110,sub-urban,1991,1.0,unfurnished,old,1.0,0.14,218750,34
2.0,3.0,1943,Rural,2010,0.0,semi-furnished,old,0.0,0.51,337571,15
4.0,1.0,1452,Urban,1996,0.0,semi-furnished,old,1.0,0.36,259523,29
3.0,3.0,631,ruraal,2012,1.0,semi-furnished,old,0.0,0.52,138888,13
3.0,1.0,1839,Rural,1990,0.0,semi-furnished,New,0.0,0.35,335055,35
3.0,2.0,1286,Suburban,2007,0.0,semi furnished,gd,0.0,0.22,219749,18
3.0,3.0,1464,sub-urban,2011,1.0,semi-furnished,Old,0.0,0.11,253550,14
1.0,1.0,1633,sub-urban,1980,1.0,semi-furnished,Old,0.0,0.2,283284,45
4.0,3.0,1576,urbn,2007,0.0,semi-furnished,old,1.0,0.47,279733,18
2.0,3.0,1784,Suburban,2021,0.0,furnished,new,0.0,0.24,321590,4
2.0,2.0,1326,urbn,1986,0.0,semi-furnished,Good,1.0,0.35,257317,39
1.0,1.0,1705,Rural,1981,0.0,furnished,New,1.0,0.28,307817,44
3.0,1.0,1396,Urban,2021,1.0,furnished,new,0.0,0.29,288592,4
4.0,2.0,1796,Suburban,2003,0.0,semi-furnished,new,1.0,0.29,314655,22
1.0,2.0,1746,Suburban,1983,1.0,semi furnished,old,0.0,0.32,281580,42
3.0,2.0,1126,Suburban,2023,0.0,furnished,New,0.0,0.13,237489,2
2.0,1.0,1934,urbn,1998,1.0,semi-furnished,Old,0.0,0.21,320060,27
3.0,2.0,1286,Rural,2005,0.0,furnished,Good,0.0,0.3,229429,20
2.0,2.0,1823,Suburban,1990,1.0,furnished,Old,0.0,0.27,326497,35
4.0,3.0,1647,Suburban,2019,0.0,furnished,new,0.0,0.18,301077,6
3.0,1.0,2235,sub-urban,2022,1.0,semi furnished,Good,0.0,0.31,398954,3
5.0,3.0,1411,Urban,1990,0.0,furnished,gd,0.0,0.13,248746,35
2.0,2.0,1360,sub-urban,1982,0.0,semi-furnished,new,0.0,0.07,259225,43
2.0,2.0,1492,sub-urban,1991,1.0,furnished,Old,0.0,0.29,257086,34
2.0,2.0,1379,Urban,1982,1.0,semi furnished,Old,0.0,0.07,234252,43
5.0,2.0,1820,Rural,2021,1.0,semi-furnished,old,0.0,0.29,339706,4
5.0,4.0,853,sub-urban,2006,1.0,semi furnished,Old,0.0,0.04,185515,19
2.0,1.0,1079,Rural,1981,1.0,semi furnished,New,0.0,0.14,210984,44
4.0,4.0,1073,sub-urban,1995,0.0,furnished,new,0.0,0.2,213366,30
4.0,2.0,1880,ruraal,1981,0.0,semi-furnished,Good,0.0,0.01,338162,44
3.0,1.0,2184,Urban,2009,0.0,furnished,Old,1.0,0.19,366718,16
3.0,2.0,1458,sub-urban,1999,1.0,semi-furnished,old,0.0,0.43,254359,26
2.0,3.0,1432,ruraal,2017,0.0,unfurnished,old,1.0,0.06,270101,8
1.0,1.0,1528,urbn,2007,0.0,semi-furnished,Old,1.0,0.2,300505,18
5.0,2.0,1965,ruraal,2004,1.0,semi-furnished,New,1.0,0.51,363288,21
5.0,2.0,1129,Suburban,2011,1.0,furnished,old,1.0,0.09,234248,14
3.0,2.0,1595,sub-urban,1989,0.0,semi furnished,Good,0.0,0.46,272076,36
2.0,1.0,1890,ruraal,2021,0.0,unfurnished,new,0.0,0.21,346511,4
2.0,3.0,1700,Rural,2019,0.0,semi-furnished,gd,0.0,0.27,300404,6
4.0,2.0,1576,urbn,2012,0.0,furnished,New,0.0,0.44,312666,13
5.0,2.0,1900,sub-urban,1992,0.0,semi furnished,old,1.0,0.18,346587,33
5.0,3.0,419,Suburban,2020,1.0,semi-furnished,new,0.0,0.34,149844,5
4.0,1.0,1771,ruraal,2021,1.0,furnished,gd,1.0,0.38,320095,4
3.0,3.0,1238,urbn,2016,1.0,semi-furnished,Old,0.0,0.15,234455,9
1.0,1.0,768,sub-urban,1995,0.0,semi-furnished,Old,1.0,0.14,165152,30
2.0,1.0,1704,urbn,2001,1.0,semi-furnished,Good,0.0,0.22,299435,24
5.0,2.0,2049,Suburban,1999,0.0,unfurnished,gd,0.0,0.22,353661,26
3.0,2.0,1445,ruraal,2022,1.0,semi-furnished,Old,0.0,0.09,275440,3
1.0,3.0,1881,urbn,2006,1.0,furnished,Old,1.0,0.15,330046,19
2.0,2.0,2145,urbn,2020,0.0,furnished,old,0.0,0.27,358916,5
4.0,2.0,2026,Urban,1995,0.0,unfurnished,Good,1.0,0.2,347403,30
1.0,1.0,2156,urbn,2013,1.0,semi furnished,new,1.0,0.38,379763,12
2.0,2.0,1797,Urban,2011,0.0,furnished,Old,1.0,0.0,327490,14
3.0,2.0,1530,ruraal,2005,1.0,unfurnished,New,0.0,0.18,283643,20
4.0,2.0,859,sub-urban,2004,0.0,furnished,New,1.0,0.62,183739,21
4.0,1.0,1402,sub-urban,1981,1.0,semi-furnished,new,1.0,0.25,278991,44
2.0,3.0,1163,ruraal,1991,0.0,semi furnished,gd,0.0,0.45,217744,34
4.0,2.0,2368,ruraal,2019,0.0,semi-furnished,Good,0.0,0.1,398945,6
2.0,1.0,1430,Rural,1988,1.0,furnished,old,0.0,0.32,265406,37
2.0,1.0,1549,ruraal,1991,0.0,furnished,New,0.0,0.07,280096,34
4.0,2.0,1721,urbn,2005,0.0,furnished,New,0.0,0.31,292580,20
3.0,2.0,1517,sub-urban,1988,0.0,semi-furnished,new,0.0,0.38,293682,37
4.0,1.0,2178,Suburban,1989,0.0,semi-furnished,gd,0.0,0.34,361418,36
4.0,2.0,1251,sub-urban,2011,0.0,semi furnished,gd,0.0,0.2,227860,14
3.0,1.0,1578,Urban,2013,0.0,semi-furnished,new,0.0,0.29,287355,12
1.0,2.0,1203,sub-urban,1999,1.0,semi furnished,New,0.0,0.29,236046,26
3.0,4.0,972,Rural,2018,0.0,semi-furnished,Good,1.0,0.35,198858,7
2.0,2.0,1255,ruraal,1981,1.0,semi-furnished,New,0.0,0.23,254531,44
2.0,2.0,1485,ruraal,1980,0.0,furnished,gd,0.0,0.39,280401,45
3.0,2.0,1328,sub-urban,2015,0.0,semi-furnished,old,0.0,0.47,235608,10
3.0,1.0,1223,Suburban,2003,1.0,unfurnished,New,0.0,0.2,229870,22
5.0,2.0,937,Suburban,2006,0.0,furnished,Good,0.0,0.26,181731,19
3.0,2.0,1467,Rural,1981,1.0,semi-furnished,Old,1.0,0.11,267841,44
4.0,3.0,898,Urban,2010,0.0,semi furnished,New,0.0,0.3,190736,15
3.0,1.0,1804,sub-urban,1993,1.0,semi-furnished,new,1.0,0.3,331396,32
3.0,1.0,1533,ruraal,1981,1.0,semi-furnished,Old,0.0,0.26,258380,44
3.0,1.0,917,sub-urban,2008,1.0,semi-furnished,new,0.0,0.27,177261,17
2.0,2.0,1376,Rural,1994,1.0,unfurnished,new,0.0,0.54,255353,31
4.0,2.0,1199,urbn,1991,1.0,semi furnished,new,0.0,0.18,250894,34
2.0,3.0,1628,urbn,2016,0.0,unfurnished,New,1.0,0.18,313960,9
1.0,2.0,2036,Rural,2007,0.0,semi-furnished,gd,0.0,0.2,350085,18
3.0,2.0,750,ruraal,1999,1.0,furnished,Old,1.0,0.47,166798,26
2.0,1.0,1546,Rural,2018,0.0,semi-furnished,Good,0.0,0.32,267821,7
5.0,3.0,1436,ruraal,2003,0.0,semi furnished,gd,0.0,0.32,261768,22
3.0,3.0,1769,Suburban,2000,1.0,semi-furnished,New,0.0,0.44,307686,25
5.0,3.0,1585,Rural,1989,0.0,unfurnished,new,1.0,0.22,301210,36
3.0,3.0,1199,ruraal,1993,1.0,furnished,Good,0.0,0.35,226245,32
1.0,3.0,1372,Rural,2016,1.0,semi-furnished,Old,0.0,0.17,257033,9
5.0,2.0,1182,Rural,1997,1.0,furnished,gd,0.0,0.09,238576,28
3.0,1.0,1930,ruraal,2003,1.0,semi-furnished,old,0.0,0.52,343060,22
3.0,1.0,1509,ruraal,1993,0.0,furnished,gd,0.0,0.31,258061,32
3.0,4.0,2260,Urban,2013,0.0,furnished,Good,0.0,0.35,398627,12
5.0,2.0,1476,Rural,1991,1.0,furnished,New,1.0,0.09,284705,34
2.0,3.0,1217,urbn,2001,0.0,semi-furnished,Old,1.0,0.33,210249,24
3.0,2.0,895,Rural,1985,1.0,unfurnished,Good,0.0,0.52,180362,40
5.0,1.0,779,Rural,2015,1.0,semi-furnished,new,0.0,0.21,181521,10
2.0,1.0,866,ruraal,2015,1.0,semi-furnished,Old,0.0,0.06,167961,10
2.0,2.0,1607,Rural,2001,0.0,semi-furnished,gd,0.0,0.28,299779,24
3.0,2.0,1703,sub-urban,1993,1.0,semi furnished,Good,0.0,0.09,290017,32
5.0,1.0,868,Rural,1995,1.0,furnished,gd,1.0,0.02,181589,30
4.0,2.0,1858,sub-urban,2015,1.0,furnished,gd,1.0,0.14,332253,10
3.0,1.0,1307,urbn,2004,0.0,semi-furnished,gd,0.0,0.18,224960,21
1.0,2.0,1559,ruraal,2011,1.0,furnished,New,1.0,0.1,288319,14
3.0,1.0,2145,Rural,2012,1.0,semi-furnished,gd,0.0,0.45,367231,13
3.0,3.0,1859,sub-urban,2015,1.0,semi furnished,new,0.0,0.53,340749,10
2.0,2.0,1393,sub-urban,1999,1.0,unfurnished,new,1.0,0.34,245935,26
3.0,2.0,1144,sub-urban,1997,0.0,semi-furnished,Old,0.0,0.31,218366,28
5.0,1.0,639,Suburban,2017,1.0,semi-furnished,old,0.0,0.23,151517,8
4.0,1.0,1212,Urban,1982,1.0,unfurnished,gd,0.0,0.12,240215,43
4.0,2.0,1416,urbn,2002,0.0,semi furnished,gd,0.0,0.49,243083,23
4.0,2.0,1105,Rural,2011,1.0,furnished,Good,1.0,0.24,222222,14
3.0,2.0,1447,Suburban,1995,1.0,semi-furnished,New,0.0,0.18,280664,30
2.0,1.0,1531,Rural,1984,1.0,semi-furnished,old,0.0,0.4,281925,41
4.0,2.0,1410,Rural,1983,1.0,furnished,Old,0.0,0.24,268089,42
4.0,3.0,1240,ruraal,2000,1.0,furnished,old,0.0,0.4,232227,25
5.0,3.0,1567,ruraal,2019,1.0,unfurnished,gd,0.0,0.19,288490,6
5.0,1.0,1677,ruraal,1993,0.0,furnished,Good,0.0,0.4,279771,32
3.0,2.0,1064,Suburban,2018,0.0,furnished,New,0.0,0.4,229049,7
3.0,1.0,2064,Rural,2010,1.0,unfurnished,Old,1.0,0.45,359197,15
4.0,1.0,1461,Urban,1993,1.0,semi furnished,old,0.0,0.14,263289,32
3.0,2.0,1508,urbn,1985,1.0,unfurnished,Old,0.0,0.24,268072,40
4.0,1.0,1783,ruraal,1991,1.0,unfurnished,gd,0.0,0.54,291903,34
4.0,2.0,1593,ruraal,1995,0.0,unfurnished,Old,0.0,0.21,270035,30
5.0,2.0,1881,Rural,1996,1.0,semi-furnished,Good,1.0,0.37,343089,29
2.0,3.0,1615,Rural,2002,0.0,unfurnished,Old,0.0,0.59,282364,23
3.0,2.0,1255,Suburban,1993,1.0,semi-furnished,new,1.0,0.03,258668,32
1.0,1.0,1645,Suburban,1986,1.0,unfurnished,Good,1.0,0.21,308988,39
3.0,2.0,1043,ruraal,2011,0.0,semi-furnished,old,1.0,0.25,197618,14
1.0,2.0,1543,Rural,1994,0.0,semi-furnished,New,1.0,0.02,287298,31
3.0,1.0,1487,Urban,2023,1.0,semi furnished,New,0.0,0.18,286438,2
3.0,2.0,1417,urbn,1996,1.0,furnished,gd,0.0,0.1,269685,29
2.0,1.0,1449,Rural,2020,0.0,furnished,gd,0.0,0.38,264209,5
3.0,1.0,747,Rural,2023,1.0,furnished,new,0.0,0.01,154039,2
1.0,2.0,1281,sub-urban,2013,1.0,unfurnished,old,0.0,0.53,237968,12
1.0,1.0,1537,Suburban,1984,1.0,semi furnished,New,0.0,0.35,289883,41
4.0,2.0,1564,urbn,2006,1.0,unfurnished,New,0.0,0.09,309570,19
3.0,2.0,1089,ruraal,2002,1.0,furnished,New,1.0,0.4,233756,23
2.0,3.0,2006,Rural,2019,1.0,semi-furnished,New,0.0,0.34,350040,6
3.0,1.0,1154,ruraal,1993,1.0,furnished,Old,0.0,0.24,212836,32
4.0,1.0,1888,Rural,1994,1.0,semi furnished,old,0.0,0.14,331951,31
2.0,1.0,1671,ruraal,2022,0.0,semi-furnished,Good,1.0,0.33,315912,3
3.0,2.0,1242,urbn,2012,1.0,furnished,Good,0.0,0.27,243971,13
1.0,3.0,2210,Suburban,2010,0.0,semi furnished,new,0.0,0.15,386184,15
1.0,1.0,1023,urbn,2014,0.0,semi furnished,Old,0.0,0.05,205035,11
3.0,4.0,1868,sub-urban,1996,0.0,furnished,New,0.0,0.12,328194,29
3.0,1.0,1900,Urban,2007,0.0,semi-furnished,New,0.0,0.17,343446,18
3.0,2.0,1232,Suburban,1998,1.0,semi furnished,gd,0.0,0.42,237098,27
4.0,3.0,2057,urbn,2002,0.0,semi-furnished,gd,1.0,0.38,366916,23
3.0,3.0,1400,sub-urban,2011,1.0,semi furnished,new,0.0,0.18,278391,14
3.0,3.0,1615,Urban,2019,1.0,furnished,New,0.0,0.19,311989,6
2.0,3.0,1604,sub-urban,1992,1.0,furnished,new,0.0,0.4,288713,33
4.0,2.0,1446,Rural,1999,0.0,unfurnished,Old,0.0,0.29,257076,26
2.0,3.0,1824,Rural,2014,1.0,furnished,Good,1.0,0.29,324508,11
3.0,1.0,1817,ruraal,1984,1.0,unfurnished,New,0.0,0.14,326655,41
1.0,3.0,801,Suburban,1988,1.0,semi-furnished,old,0.0,0.23,151262,37
1.0,2.0,2022,Rural,2008,1.0,semi-furnished,Old,0.0,0.25,353550,17
3.0,3.0,835,sub-urban,1985,1.0,semi furnished,New,0.0,0.24,157798,40
4.0,2.0,1913,Suburban,2004,1.0,semi-furnished,old,0.0,0.36,339123,21
4.0,2.0,1951,Rural,2010,0.0,semi-furnished,gd,0.0,0.36,340003,15
3.0,2.0,1064,ruraal,2001,1.0,semi furnished,new,0.0,0.11,239022,24
2.0,3.0,1336,urbn,1981,0.0,furnished,gd,1.0,0.17,246754,44
2.0,1.0,1058,ruraal,1984,1.0,semi-furnished,Good,0.0,0.15,203651,41
2.0,1.0,1414,Urban,2006,0.0,furnished,gd,0.0,0.46,265325,19
3.0,1.0,1377,Rural,2004,0.0,furnished,New,0.0,0.59,261085,21
4.0,1.0,1812,Urban,1987,1.0,semi-furnished,old,0.0,0.18,317148,38
4.0,3.0,2024,Urban,1980,1.0,semi-furnished,gd,1.0,0.22,366744,45
2.0,1.0,2058,sub-urban,1999,0.0,furnished,New,1.0,0.38,368025,26
3.0,2.0,1275,Suburban,2023,1.0,semi-furnished,Good,0.0,0.14,258003,2
4.0,2.0,1416,sub-urban,2002,1.0,semi-furnished,old,0.0,0.38,241209,23
3.0,1.0,827,Rural,2011,0.0,semi-furnished,gd,0.0,0.25,187485,14
3.0,3.0,1178,Urban,1990,1.0,semi-furnished,new,0.0,0.01,217018,35
3.0,2.0,1886,urbn,2018,0.0,semi-furnished,new,0.0,0.05,355222,7
2.0,2.0,2146,Urban,2003,1.0,semi-furnished,old,0.0,0.2,349035,22
3.0,2.0,1006,urbn,1990,1.0,unfurnished,new,0.0,0.43,228906,35
4.0,3.0,1263,sub-urban,2008,0.0,furnished,gd,0.0,0.12,237859,17
1.0,1.0,1489,sub-urban,2005,1.0,furnished,gd,0.0,0.17,265101,20
2.0,2.0,1612,Suburban,1995,0.0,semi-furnished,old,1.0,0.28,306651,30
1.0,2.0,1176,Urban,2014,1.0,furnished,gd,1.0,0.0,225511,11
1.0,2.0,1670,ruraal,1999,1.0,semi-furnished,New,0.0,0.29,308226,26
5.0,1.0,1310,sub-urban,1982,1.0,semi furnished,Good,0.0,0.02,269147,43
4.0,2.0,1494,sub-urban,1980,0.0,semi-furnished,new,0.0,0.34,279255,45
3.0,1.0,1719,Suburban,1980,0.0,semi-furnished,New,0.0,0.13,288790,45
1.0,1.0,1503,urbn,1996,0.0,semi-furnished,old,1.0,0.11,269117,29
3.0,1.0,1325,Suburban,1981,0.0,semi-furnished,new,0.0,0.29,246532,44
3.0,2.0,1456,Urban,2008,1.0,semi-furnished,New,0.0,0.37,282085,17
2.0,3.0,1465,Rural,1999,1.0,semi-furnished,gd,0.0,0.31,269306,26
3.0,3.0,1352,Rural,1985,1.0,semi-furnished,old,0.0,0.28,250459,40
3.0,3.0,1396,urbn,1987,1.0,furnished,old,0.0,0.28,236719,38
3.0,2.0,2139,sub-urban,2008,1.0,unfurnished,new,0.0,0.31,372171,17
3.0,2.0,1724,urbn,2012,1.0,semi-furnished,gd,1.0,0.32,321318,13
1.0,2.0,1382,sub-urban,1982,1.0,semi-furnished,new,0.0,0.19,251279,43
3.0,2.0,1779,sub-urban,2014,1.0,unfurnished,Old,0.0,0.35,325809,11
3.0,1.0,1366,Rural,1984,0.0,semi-furnished,New,0.0,0.13,249479,41
3.0,3.0,1969,urbn,2006,0.0,furnished,Old,0.0,0.41,338183,19
5.0,2.0,1648,Suburban,2023,1.0,semi furnished,New,0.0,0.37,310950,2
4.0,2.0,1457,sub-urban,1991,0.0,semi furnished,Good,0.0,0.58,251803,34
2.0,3.0,1679,ruraal,1999,0.0,furnished,old,0.0,0.33,292455,26
1.0,2.0,872,ruraal,1999,1.0,semi-furnished,new,0.0,0.39,177681,26
3.0,3.0,1049,Suburban,1988,1.0,semi furnished,Good,1.0,0.02,207714,37
1.0,4.0,1022,ruraal,2018,1.0,unfurnished,Good,1.0,0.39,214403,7
3.0,2.0,1557,Urban,1983,0.0,furnished,old,0.0,0.43,256077,42
5.0,1.0,2193,sub-urban,1998,0.0,furnished,old,0.0,0.48,374985,27
3.0,2.0,2393,Suburban,2017,1.0,semi-furnished,New,0.0,0.27,425154,8
3.0,4.0,1755,urbn,2006,1.0,furnished,Old,0.0,0.2,309970,19
3.0,1.0,1700,sub-urban,2022,1.0,semi furnished,gd,0.0,0.09,309625,3
3.0,2.0,780,Suburban,1992,1.0,semi-furnished,New,1.0,0.1,166093,33
3.0,2.0,1283,Rural,1992,1.0,unfurnished,gd,0.0,0.25,241049,33
5.0,3.0,1185,urbn,2001,1.0,semi-furnished,Good,1.0,0.01,241381,24
3.0,1.0,1252,Rural,2007,0.0,semi-furnished,gd,0.0,0.13,222497,18
3.0,3.0,1433,sub-urban,2001,1.0,unfurnished,Old,0.0,0.26,249242,24
5.0,4.0,1311,urbn,2022,1.0,semi-furnished,New,0.0,0.26,258789,3
2.0,1.0,708,ruraal,1998,1.0,unfurnished,old,0.0,0.1,147287,27
1.0,1.0,1799,Suburban,1987,1.0,semi-furnished,Old,0.0,0.06,312288,38
2.0,2.0,1071,sub-urban,1987,1.0,unfurnished,Old,0.0,0.09,200333,38
1.0,1.0,1596,Urban,2021,0.0,semi-furnished,New,0.0,0.22,300400,4
1.0,3.0,2330,urbn,2005,1.0,furnished,old,0.0,0.57,407918,20
4.0,2.0,1132,urbn,2005,0.0,unfurnished,Old,0.0,0.41,216384,20
1.0,1.0,488,sub-urban,2002,1.0,unfurnished,old,0.0,0.28,119362,23
2.0,3.0,1386,sub-urban,2022,0.0,semi-furnished,new,0.0,0.33,256433,3
4.0,2.0,1940,Rural,1992,0.0,furnished,new,0.0,0.4,337380,33
1.0,2.0,2283,ruraal,2007,1.0,furnished,new,0.0,0.35,412467,18
4.0,2.0,1008,Rural,1988,1.0,furnished,gd,0.0,0.2,194315,37
2.0,2.0,1699,Rural,1999,1.0,semi furnished,Old,1.0,0.12,297172,26
2.0,1.0,1314,ruraal,1998,0.0,unfurnished,New,1.0,0.23,279880,27
4.0,2.0,1458,Urban,2018,1.0,unfurnished,New,0.0,0.4,297745,7
3.0,2.0,2558,Rural,1991,0.0,furnished,gd,0.0,0.21,425855,34
5.0,1.0,899,Rural,1994,1.0,semi-furnished,New,0.0,0.08,178023,31
4.0,2.0,1601,urbn,2010,1.0,furnished,new,1.0,0.01,311584,15
4.0,2.0,1687,ruraal,1993,1.0,semi furnished,Old,0.0,0.23,291949,32
2.0,3.0,1934,Suburban,1990,0.0,furnished,New,0.0,0.1,352185,35
2.0,1.0,1539,Urban,2005,1.0,unfurnished,New,1.0,0.18,294159,20
4.0,2.0,1623,Urban,2021,0.0,furnished,Good,0.0,0.47,309304,4
4.0,2.0,1343,ruraal,2006,1.0,semi furnished,Good,0.0,0.24,247663,19
3.0,1.0,1608,sub-urban,1990,0.0,semi-furnished,Good,0.0,0.14,308047,35
3.0,1.0,1363,sub-urban,2017,1.0,furnished,Old,0.0,0.3,250001,8
3.0,1.0,1749,urbn,2013,0.0,semi furnished,new,1.0,0.54,340993,12
4.0,2.0,1352,urbn,2022,1.0,furnished,old,1.0,0.23,253999,3
2.0,2.0,1651,ruraal,1998,1.0,semi-furnished,new,0.0,0.1,294336,27
5.0,3.0,1488,urbn,1985,1.0,semi furnished,new,0.0,0.35,257338,40
5.0,2.0,1950,Urban,2017,0.0,semi furnished,Old,0.0,0.3,348866,8
3.0,1.0,1479,Urban,2021,1.0,unfurnished,Old,0.0,0.26,266930,4
4.0,2.0,791,Suburban,2007,1.0,semi-furnished,Good,0.0,0.22,157774,18
4.0,3.0,2005,sub-urban,1980,1.0,furnished,New,0.0,0.13,370132,45
2.0,1.0,1138,ruraal,2014,0.0,unfurnished,gd,0.0,0.48,230260,11
5.0,1.0,1238,Rural,2019,1.0,semi-furnished,gd,0.0,0.03,253524,6
3.0,1.0,1262,sub-urban,1987,1.0,semi-furnished,old,0.0,0.2,218502,38
4.0,3.0,2050,Rural,1986,0.0,semi furnished,New,0.0,0.2,372364,39
2.0,2.0,646,Suburban,1990,0.0,unfurnished,old,0.0,0.38,138940,35
5.0,2.0,2755,Suburban,2018,1.0,semi-furnished,Good,0.0,0.44,481326,7
3.0,3.0,1922,urbn,1983,0.0,furnished,old,0.0,0.22,330527,42
1.0,3.0,1589,Suburban,2004,0.0,semi-furnished,New,0.0,0.28,296080,21
5.0,2.0,1478,Suburban,1991,1.0,furnished,New,0.0,0.29,292700,34
1.0,3.0,1614,Rural,2005,1.0,unfurnished,gd,0.0,0.41,301819,20
2.0,1.0,1708,urbn,2017,0.0,semi-furnished,Good,0.0,0.4,315618,8
3.0,1.0,1758,Suburban,1991,1.0,furnished,Old,0.0,0.17,302220,34
3.0,1.0,1722,sub-urban,2022,0.0,unfurnished,old,0.0,0.32,301176,3
3.0,1.0,1536,Suburban,2016,0.0,semi-furnished,gd,1.0,0.31,268462,9
3.0,2.0,1421,urbn,2003,0.0,semi-furnished,old,0.0,0.23,248349,22
3.0,4.0,1439,ruraal,1995,1.0,semi-furnished,old,0.0,0.31,267954,30
2.0,1.0,1422,urbn,1992,0.0,unfurnished,Old,0.0,0.25,257542,33
2.0,1.0,1954,Rural,2004,0.0,semi-furnished,Good,0.0,0.27,329305,21
4.0,2.0,1737,ruraal,1983,1.0,semi furnished,New,0.0,0.05,330173,42
4.0,4.0,324,sub-urban,1990,1.0,unfurnished,new,0.0,0.11,136531,35
4.0,2.0,1762,Urban,2011,0.0,semi-furnished,old,0.0,0.37,297673,14
4.0,2.0,1578,urbn,1986,1.0,semi-furnished,new,0.0,0.07,292041,39
1.0,1.0,1493,Rural,1990,0.0,furnished,Good,0.0,0.32,260934,35
3.0,1.0,1345,sub-urban,2007,1.0,furnished,new,0.0,0.24,262401,18
1.0,2.0,1950,ruraal,2020,1.0,semi furnished,old,1.0,0.4,351439,5
3.0,2.0,1879,sub-urban,2002,1.0,unfurnished,Old,0.0,0.35,320477,23
3.0,1.0,1191,urbn,2002,0.0,semi-furnished,new,1.0,0.18,238481,23
5.0,2.0,1663,Suburban,2007,0.0,semi-furnished,Good,1.0,0.22,303922,18
3.0,2.0,1111,urbn,2022,0.0,semi-furnished,Good,0.0,0.05,220966,3
2.0,3.0,948,Urban,2005,0.0,furnished,Old,0.0,0.23,198065,20
2.0,2.0,1249,urbn,2004,0.0,semi-furnished,new,0.0,0.06,243205,21
4.0,2.0,1845,ruraal,2008,1.0,semi furnished,new,1.0,0.22,339932,17
3.0,2.0,1881,ruraal,1998,1.0,furnished,New,1.0,0.15,350913,27
2.0,2.0,1705,urbn,2012,1.0,furnished,gd,0.0,0.12,307352,13
1.0,1.0,1790,ruraal,2015,1.0,semi furnished,Good,1.0,0.43,326772,10
4.0,1.0,1706,Suburban,1993,1.0,unfurnished,New,0.0,0.06,319550,32
1.0,2.0,1243,sub-urban,1993,1.0,semi-furnished,Good,0.0,0.11,231419,32
4.0,3.0,1673,urbn,2014,0.0,unfurnished,New,1.0,0.15,310646,11
4.0,1.0,1820,Suburban,2009,1.0,semi-furnished,gd,1.0,0.18,313007,16
1.0,2.0,1802,sub-urban,2007,1.0,furnished,New,0.0,0.12,328621,18
1.0,2.0,1976,sub-urban,1996,1.0,furnished,Good,1.0,0.2,335175,29
3.0,1.0,1783,Suburban,1982,1.0,furnished,new,0.0,0.3,317656,43
3.0,2.0,1641,Rural,1995,0.0,semi furnished,Good,1.0,0.35,303145,30
3.0,2.0,1928,urbn,2009,0.0,furnished,old,1.0,0.34,323148,16
4.0,3.0,1489,sub-urban,2008,1.0,unfurnished,Old,1.0,0.04,270252,17
5.0,1.0,1147,sub-urban,1994,0.0,semi-furnished,Old,0.0,0.31,211705,31
3.0,2.0,1435,ruraal,2004,1.0,furnished,old,1.0,0.32,265864,21
4.0,3.0,1202,sub-urban,2017,1.0,unfurnished,Old,0.0,0.15,219087,8
3.0,4.0,1230,Suburban,2021,1.0,furnished,Old,1.0,0.5,244154,4
1.0,2.0,1442,sub-urban,2017,1.0,furnished,gd,0.0,0.41,274541,8
4.0,2.0,1183,Rural,2002,0.0,semi-furnished,new,0.0,0.22,233065,23
3.0,2.0,1377,urbn,2004,0.0,semi-furnished,new,0.0,0.16,258292,21
3.0,3.0,743,urbn,2021,1.0,semi-furnished,Good,0.0,0.5,174497,4
5.0,2.0,1585,sub-urban,1986,1.0,semi-furnished,old,0.0,0.25,267043,39
2.0,1.0,1500,Urban,2001,1.0,semi furnished,New,0.0,0.26,292274,24
3.0,4.0,1173,Urban,1996,0.0,furnished,Good,0.0,0.26,224547,29
1.0,2.0,1764,Suburban,1997,0.0,semi furnished,Good,0.0,0.6,311190,28
3.0,2.0,1875,Urban,2020,1.0,unfurnished,Good,0.0,0.22,330351,5
1.0,1.0,857,Suburban,1989,0.0,semi furnished,Good,1.0,0.25,159650,36
2.0,2.0,1195,ruraal,1989,1.0,unfurnished,new,0.0,0.13,251124,36
2.0,2.0,1192,Suburban,1986,0.0,unfurnished,New,0.0,0.19,239587,39
3.0,2.0,1124,Urban,2017,1.0,furnished,Good,1.0,0.1,219586,8
4.0,1.0,1832,sub-urban,2006,1.0,semi-furnished,new,0.0,0.13,338788,19
3.0,2.0,1422,ruraal,2012,1.0,furnished,Good,1.0,0.02,274788,13
3.0,2.0,1394,Urban,1980,0.0,semi-furnished,Old,1.0,0.38,246470,45
3.0,1.0,698,Suburban,2023,1.0,semi-furnished,Good,1.0,0.27,178418,2
2.0,2.0,1754,Rural,2013,1.0,semi furnished,old,0.0,0.29,306592,12
5.0,2.0,1004,urbn,1983,1.0,unfurnished,old,0.0,0.24,205961,42
2.0,3.0,1524,Urban,1996,1.0,furnished,Good,0.0,0.26,283343,29
3.0,3.0,1611,Suburban,1983,1.0,furnished,gd,0.0,0.49,298016,42
1.0,2.0,2044,ruraal,2022,1.0,unfurnished,Old,0.0,0.13,361991,3
3.0,3.0,976,Urban,2005,1.0,furnished,New,0.0,0.29,212927,20
1.0,3.0,292,Urban,1983,0.0,semi-furnished,Good,0.0,0.29,87752,42
5.0,2.0,1574,urbn,1980,0.0,furnished,New,1.0,0.42,287032,45
3.0,2.0,2220,Suburban,1986,0.0,unfurnished,Old,0.0,0.32,371025,39
3.0,2.0,1996,Rural,2009,1.0,unfurnished,Good,0.0,0.32,355564,16
1.0,3.0,1584,ruraal,1988,1.0,semi-furnished,gd,0.0,0.06,292593,37
3.0,3.0,1303,Suburban,2014,1.0,semi furnished,new,0.0,0.13,263463,11
3.0,3.0,1823,ruraal,1987,0.0,semi furnished,gd,0.0,0.07,295092,38
3.0,2.0,1111,Urban,2003,0.0,semi-furnished,gd,1.0,0.12,217318,22
3.0,3.0,1691,urbn,1998,1.0,semi furnished,new,0.0,0.31,310267,27
4.0,1.0,1702,urbn,2015,1.0,furnished,new,1.0,0.21,314467,10
3.0,2.0,1924,sub-urban,2022,0.0,semi furnished,old,0.0,0.31,342238,3
3.0,1.0,2604,Rural,2006,1.0,semi furnished,new,1.0,0.26,438747,19
3.0,2.0,1657,urbn,2011,0.0,semi furnished,Good,1.0,0.29,311316,14
5.0,2.0,1296,Urban,1993,0.0,furnished,New,0.0,0.45,261492,32
1.0,2.0,1490,Rural,1997,1.0,semi furnished,old,1.0,0.25,273002,28
2.0,2.0,792,Suburban,2007,0.0,semi-furnished,old,1.0,0.35,166657,18
3.0,2.0,1222,urbn,2008,1.0,furnished,New,1.0,0.2,256776,17
5.0,2.0,1336,Rural,1995,0.0,semi-furnished,old,0.0,0.37,231963,30
3.0,1.0,1290,Urban,2014,0.0,furnished,new,0.0,0.06,258108,11
3.0,2.0,1561,sub-urban,2010,0.0,semi-furnished,gd,0.0,0.03,272172,15
2.0,1.0,1171,ruraal,1983,1.0,furnished,Old,0.0,0.57,205276,42
2.0,1.0,1948,ruraal,2016,1.0,semi-furnished,new,0.0,0.53,358560,9
3.0,2.0,1500,Urban,1996,1.0,semi-furnished,gd,0.0,0.04,274133,29
3.0,2.0,1496,Urban,2018,0.0,furnished,gd,1.0,0.24,262990,7
3.0,2.0,1369,ruraal,2005,0.0,furnished,old,0.0,0.27,260703,20
1.0,2.0,1562,sub-urban,2018,1.0,unfurnished,Good,0.0,0.36,283953,7
3.0,2.0,1830,Rural,2020,1.0,furnished,Good,0.0,0.51,333807,5
3.0,3.0,1153,ruraal,1983,1.0,furnished,old,0.0,0.09,230802,42
4.0,2.0,1237,Urban,2009,0.0,unfurnished,old,0.0,0.1,230026,16
3.0,2.0,1379,urbn,2009,1.0,semi furnished,New,1.0,0.25,288583,16
2.0,1.0,962,Suburban,2001,1.0,semi furnished,New,0.0,0.11,191069,24
4.0,2.0,1172,sub-urban,1990,0.0,unfurnished,Old,0.0,0.16,228210,35
4.0,2.0,1310,sub-urban,1981,1.0,furnished,Old,0.0,0.22,229641,44
2.0,2.0,1850,urbn,2023,0.0,furnished,Old,1.0,0.38,323589,2
5.0,2.0,1605,urbn,1991,1.0,furnished,Old,0.0,0.25,264603,34
4.0,2.0,1577,Urban,2009,1.0,unfurnished,gd,0.0,0.34,291234,16
5.0,2.0,1840,ruraal,2015,1.0,unfurnished,gd,0.0,0.32,330509,10
4.0,3.0,1445,Rural,1997,1.0,furnished,New,0.0,0.1,284018,28
3.0,3.0,1656,sub-urban,2005,0.0,semi-furnished,Good,0.0,0.26,280284,20
3.0,3.0,1459,sub-urban,1986,1.0,semi furnished,old,1.0,0.02,267000,39
5.0,2.0,1606,urbn,1980,0.0,semi-furnished,Good,0.0,0.17,286220,45
5.0,1.0,1267,ruraal,2005,0.0,semi-furnished,new,0.0,0.26,252398,20
1.0,1.0,524,sub-urban,2002,1.0,semi furnished,gd,0.0,0.25,121473,23
1.0,1.0,1446,Rural,2005,1.0,furnished,Old,1.0,0.06,245047,20
3.0,2.0,2069,urbn,1985,1.0,semi-furnished,Old,1.0,0.09,361615,40
4.0,3.0,1870,Rural,1985,0.0,unfurnished,new,0.0,0.29,331242,40
3.0,1.0,1886,ruraal,2023,1.0,furnished,Good,1.0,0.37,347502,2
2.0,4.0,1994,sub-urban,1987,1.0,semi furnished,Old,0.0,0.22,340754,38
3.0,1.0,1535,Suburban,2003,0.0,furnished,Good,0.0,0.21,278395,22
3.0,4.0,1579,sub-urban,2001,0.0,semi furnished,old,1.0,0.39,291621,24
3.0,2.0,1253,ruraal,1998,0.0,semi-furnished,new,1.0,0.13,231180,27
4.0,1.0,1374,sub-urban,2016,0.0,furnished,Good,1.0,0.51,272910,9
4.0,2.0,1746,sub-urban,1997,1.0,semi-furnished,old,0.0,0.05,299679,28
3.0,1.0,1982,Urban,2010,1.0,furnished,Good,1.0,0.41,372771,15
3.0,1.0,1444,sub-urban,2016,1.0,furnished,Good,0.0,0.33,265405,9
2.0,2.0,1320,sub-urban,2009,1.0,semi-furnished,Old,0.0,0.61,233184,16
1.0,3.0,1500,Rural,2021,0.0,furnished,New,0.0,0.08,282917,4
5.0,2.0,1740,Suburban,2012,1.0,furnished,gd,1.0,0.1,325600,13
4.0,2.0,922,Rural,1989,1.0,semi furnished,Good,0.0,0.44,183556,36
3.0,2.0,582,Rural,2016,1.0,semi furnished,Good,0.0,0.03,146425,9
3.0,3.0,1280,urbn,1991,0.0,semi-furnished,Good,0.0,0.34,231529,34
3.0,1.0,1012,Urban,2009,1.0,furnished,New,0.0,0.43,209149,16
4.0,2.0,1297,Rural,2006,0.0,semi-furnished,old,0.0,0.31,258316,19
5.0,1.0,1441,ruraal,2018,0.0,semi-furnished,new,1.0,0.28,285523,7
4.0,1.0,1319,ruraal,1988,1.0,furnished,Old,1.0,0.31,252025,37
2.0,2.0,2081,sub-urban,2000,0.0,furnished,New,0.0,0.38,352624,25
3.0,1.0,1631,urbn,1991,1.0,semi-furnished,old,1.0,0.34,308593,34
2.0,2.0,1620,Urban,2008,1.0,semi-furnished,Good,1.0,0.07,312465,17
3.0,3.0,1749,Urban,2012,1.0,semi furnished,old,0.0,0.52,302806,13
3.0,1.0,1044,sub-urban,2022,0.0,furnished,New,1.0,0.26,233667,3
2.0,2.0,1916,ruraal,1994,0.0,unfurnished,New,0.0,0.33,344698,31
4.0,1.0,1470,Suburban,1981,0.0,semi-furnished,New,0.0,0.36,272364,44
3.0,2.0,1768,urbn,2018,1.0,furnished,new,0.0,0.42,341910,7
3.0,2.0,1071,sub-urban,2023,0.0,furnished,gd,1.0,0.41,212327,2
2.0,3.0,878,urbn,1997,0.0,semi furnished,Old,0.0,0.27,164076,28
4.0,2.0,1827,ruraal,1982,0.0,semi-furnished,new,0.0,0.26,327726,43
3.0,1.0,1651,ruraal,1986,0.0,furnished,new,0.0,0.31,305332,39
4.0,2.0,1139,Suburban,2022,1.0,semi-furnished,gd,0.0,0.42,235113,3
3.0,2.0,1152,Suburban,1997,1.0,semi-furnished,new,1.0,0.08,237890,28
5.0,2.0,1950,Urban,2023,0.0,furnished,New,0.0,0.35,343802,2
3.0,3.0,1024,urbn,2017,1.0,semi-furnished,New,0.0,0.12,242486,8
3.0,3.0,2157,urbn,2016,1.0,furnished,old,0.0,0.53,361084,9
5.0,1.0,1140,ruraal,2012,1.0,semi-furnished,Good,0.0,0.31,224151,13
3.0,1.0,1755,Urban,2023,1.0,semi furnished,new,0.0,0.19,335847,2
2.0,2.0,1369,sub-urban,2010,1.0,furnished,Good,0.0,0.31,269061,15
1.0,2.0,1741,urbn,1990,1.0,unfurnished,Old,1.0,0.25,305678,35
4.0,3.0,1282,Urban,1983,0.0,semi-furnished,New,0.0,0.23,225351,42
3.0,4.0,1435,Urban,1997,1.0,semi-furnished,old,0.0,0.02,253947,28
4.0,2.0,1516,ruraal,1983,1.0,semi furnished,Old,0.0,0.1,277813,42
2.0,1.0,1099,Urban,2013,0.0,semi furnished,old,0.0,0.23,214025,12
2.0,3.0,1796,Suburban,2008,0.0,semi-furnished,gd,0.0,0.0,322901,17
1.0,1.0,1295,Suburban,2003,1.0,furnished,New,0.0,0.16,257167,22
3.0,3.0,1409,Rural,2001,1.0,furnished,Old,1.0,0.18,277151,24
3.0,2.0,1102,ruraal,1981,1.0,furnished,gd,0.0,0.13,203941,44
3.0,2.0,475,sub-urban,2023,1.0,semi furnished,Old,1.0,0.37,111071,2
3.0,1.0,1424,Rural,1985,1.0,furnished,old,0.0,0.12,259505,40
5.0,2.0,2465,Suburban,2021,1.0,furnished,gd,0.0,0.26,413665,4
2.0,2.0,1814,Rural,2004,1.0,unfurnished,gd,0.0,0.2,310491,21
3.0,2.0,1492,ruraal,2000,1.0,furnished,New,1.0,0.23,303240,25
4.0,1.0,1395,ruraal,1995,1.0,semi-furnished,Good,0.0,0.49,260954,30
3.0,3.0,1509,Urban,2010,1.0,semi-furnished,old,0.0,0.28,273835,15
3.0,3.0,1719,urbn,1993,0.0,semi furnished,old,0.0,0.31,297143,32
5.0,1.0,1028,Urban,2018,1.0,furnished,gd,1.0,0.14,208939,7
5.0,1.0,1946,ruraal,2007,1.0,semi-furnished,gd,0.0,0.34,355672,18
2.0,1.0,1786,Suburban,2011,0.0,unfurnished,New,0.0,0.34,310154,14
5.0,2.0,1787,sub-urban,2007,1.0,semi furnished,Good,1.0,0.32,311090,18
3.0,2.0,1675,Suburban,1988,1.0,semi furnished,old,0.0,0.07,284686,37
2.0,2.0,1508,Urban,2001,0.0,semi-furnished,new,1.0,0.16,291492,24
3.0,1.0,1769,sub-urban,2011,1.0,semi-furnished,new,0.0,0.47,345803,14
3.0,2.0,1737,ruraal,1984,1.0,semi-furnished,Good,1.0,0.15,323241,41
3.0,2.0,1358,Suburban,2002,1.0,furnished,Old,0.0,0.49,255224,23
2.0,2.0,1271,ruraal,1984,0.0,semi-furnished,New,0.0,0.17,241851,41
3.0,2.0,1541,sub-urban,2021,1.0,furnished,Good,0.0,0.27,272225,4
2.0,1.0,2120,sub-urban,2011,1.0,furnished,new,1.0,0.22,392550,14
1.0,2.0,1004,Suburban,1989,0.0,semi furnished,gd,0.0,0.12,213860,36
2.0,2.0,913,ruraal,2018,1.0,semi-furnished,new,0.0,0.13,193349,7
2.0,2.0,1566,Rural,1994,1.0,furnished,gd,1.0,0.14,285293,31
2.0,3.0,1520,ruraal,1986,0.0,unfurnished,New,0.0,0.27,278048,39
2.0,2.0,1569,sub-urban,2008,1.0,unfurnished,gd,1.0,0.38,300148,17
3.0,2.0,1598,ruraal,1982,1.0,semi-furnished,Good,0.0,0.26,287417,43
2.0,1.0,1411,Urban,1998,0.0,unfurnished,gd,1.0,0.24,272550,27
2.0,1.0,2096,Rural,1989,0.0,semi furnished,Old,1.0,0.43,359065,36
5.0,3.0,860,urbn,2007,0.0,semi-furnished,Good,0.0,0.26,173190,18
3.0,2.0,1169,Urban,2008,0.0,furnished,New,0.0,0.17,234440,17
4.0,1.0,1459,urbn,1994,1.0,furnished,Good,1.0,0.1,269453,31
2.0,1.0,843,Suburban,2014,1.0,furnished,Old,0.0,0.44,191858,11
2.0,1.0,1430,urbn,1985,0.0,semi-furnished,New,0.0,0.2,274931,40
1.0,3.0,2165,ruraal,1991,0.0,semi-furnished,new,1.0,0.16,374153,34
2.0,1.0,1508,urbn,2017,0.0,semi furnished,Old,0.0,0.15,262342,8
2.0,2.0,1592,sub-urban,1992,1.0,unfurnished,New,1.0,0.43,305053,33
2.0,1.0,996,Urban,2008,0.0,unfurnished,gd,1.0,0.16,205033,17
1.0,2.0,1253,Urban,1998,1.0,semi-furnished,Good,1.0,0.4,242775,27
2.0,1.0,1350,urbn,1982,1.0,semi furnished,New,1.0,0.22,264179,43
3.0,2.0,1373,Urban,1987,0.0,semi furnished,Good,1.0,0.07,260102,38
2.0,1.0,2013,sub-urban,1987,1.0,semi-furnished,gd,1.0,0.2,354864,38
3.0,3.0,1723,Urban,1999,1.0,furnished,New,0.0,0.25,324084,26
3.0,1.0,1055,urbn,1983,1.0,unfurnished,new,0.0,0.23,222780,42
4.0,2.0,1599,Rural,2000,1.0,semi-furnished,Old,1.0,0.23,303117,25
1.0,3.0,1699,Rural,1982,0.0,semi-furnished,New,1.0,0.2,308303,43
4.0,2.0,1956,Suburban,1987,0.0,furnished,gd,0.0,0.13,335889,38
3.0,2.0,2132,Urban,2002,1.0,unfurnished,New,0.0,0.25,368210,23
1.0,2.0,1094,urbn,1995,0.0,furnished,Good,0.0,0.33,226563,30
5.0,2.0,1176,Urban,1992,0.0,semi furnished,old,0.0,0.03,195245,33
5.0,2.0,997,ruraal,1982,0.0,semi-furnished,New,1.0,0.44,224979,43
1.0,2.0,1406,sub-urban,1988,0.0,unfurnished,new,0.0,0.3,264635,37
2.0,2.0,1687,Urban,1993,1.0,furnished,New,0.0,0.26,316034,32
4.0,2.0,1895,Urban,1992,0.0,furnished,Old,0.0,0.32,321193,33
4.0,3.0,1470,Rural,1986,1.0,furnished,New,0.0,0.16,278211,39
2.0,2.0,1372,sub-urban,1994,1.0,semi-furnished,old,1.0,0.07,262681,31
2.0,1.0,1561,urbn,1986,1.0,unfurnished,Good,0.0,0.24,265184,39
3.0,2.0,1166,Urban,2017,0.0,furnished,New,0.0,0.28,226979,8
3.0,2.0,2336,Rural,2013,1.0,furnished,new,0.0,0.08,404749,12
3.0,1.0,857,Suburban,2020,0.0,semi-furnished,gd,0.0,0.13,182224,5
3.0,2.0,1574,sub-urban,2001,1.0,furnished,New,0.0,0.39,296544,24
3.0,1.0,2309,Rural,2003,1.0,furnished,New,0.0,0.27,413331,22
4.0,2.0,1503,Rural,2016,1.0,semi furnished,Old,0.0,0.02,275498,9
1.0,1.0,1424,Rural,2023,1.0,semi furnished,new,0.0,0.32,288986,2
2.0,2.0,1357,Urban,1980,1.0,semi-furnished,old,0.0,0.11,237347,45
4.0,3.0,1428,Urban,1989,0.0,unfurnished,gd,1.0,0.13,264782,36
5.0,2.0,2049,Suburban,2022,1.0,furnished,Good,1.0,0.28,380044,3
3.0,2.0,615,ruraal,1995,1.0,semi-furnished,New,1.0,0.27,167543,30
3.0,3.0,2113,ruraal,1987,0.0,furnished,old,1.0,0.19,346754,38
2.0,4.0,930,ruraal,2004,1.0,furnished,gd,0.0,0.17,180289,21
3.0,1.0,1393,sub-urban,1991,1.0,semi furnished,Good,0.0,0.21,251532,34
3.0,2.0,1328,sub-urban,2004,1.0,semi-furnished,old,0.0,0.13,237852,21
2.0,1.0,1735,Suburban,1996,1.0,semi furnished,new,1.0,0.41,325996,29
2.0,2.0,861,sub-urban,2005,1.0,semi-furnished,new,0.0,0.01,198312,20
3.0,4.0,1685,ruraal,1993,0.0,semi furnished,gd,0.0,0.21,299444,32
1.0,2.0,2310,ruraal,2020,1.0,semi-furnished,Good,0.0,0.03,399177,5
2.0,3.0,955,Rural,2015,0.0,furnished,new,0.0,0.39,208156,10
2.0,2.0,1576,sub-urban,2002,1.0,semi-furnished,gd,1.0,0.21,304742,23
2.0,2.0,1235,Urban,2022,0.0,semi-furnished,new,0.0,0.09,214290,3
2.0,1.0,1670,Urban,1985,0.0,semi-furnished,new,0.0,0.35,298834,40
5.0,3.0,1508,Rural,1984,1.0,semi-furnished,old,0.0,0.09,259370,41
3.0,1.0,1243,Rural,2022,1.0,semi-furnished,old,0.0,0.29,235803,3
4.0,3.0,1695,Rural,2004,0.0,unfurnished,new,1.0,0.42,312629,21
4.0,3.0,2222,Urban,1997,1.0,semi furnished,Old,0.0,0.28,378659,28
3.0,3.0,1424,ruraal,1992,0.0,semi-furnished,old,1.0,0.17,267721,33
1.0,1.0,1788,Rural,2022,0.0,furnished,Good,0.0,0.06,311770,3
3.0,2.0,983,Suburban,1993,1.0,semi-furnished,gd,1.0,0.41,206878,32
3.0,1.0,1117,Rural,2007,1.0,furnished,gd,1.0,0.39,241688,18
4.0,2.0,1689,urbn,1997,0.0,semi-furnished,Good,0.0,0.15,306266,28
3.0,1.0,2094,Rural,2007,0.0,semi furnished,Good,0.0,0.16,344842,18
2.0,4.0,1642,Urban,2006,0.0,semi-furnished,Good,1.0,0.43,296783,19
2.0,2.0,1375,sub-urban,2011,0.0,unfurnished,Good,0.0,0.33,257208,14
3.0,2.0,1500,Rural,1988,1.0,furnished,New,1.0,0.02,290328,37
3.0,2.0,1000,sub-urban,2019,1.0,unfurnished,gd,1.0,0.22,203477,6
3.0,2.0,1742,urbn,2011,0.0,furnished,New,1.0,0.22,319302,14
3.0,2.0,1853,Suburban,1999,1.0,semi-furnished,new,0.0,0.29,338628,26
3.0,2.0,1319,sub-urban,2007,1.0,semi-furnished,new,0.0,0.25,243581,18
3.0,4.0,1312,ruraal,2012,0.0,semi-furnished,gd,0.0,0.17,255397,13
2.0,2.0,1606,Rural,1983,1.0,semi furnished,new,0.0,0.28,316387,42
2.0,2.0,1325,urbn,2013,1.0,semi-furnished,Good,1.0,0.18,257497,12
2.0,3.0,1474,urbn,1982,0.0,furnished,New,1.0,0.76,277376,43
2.0,1.0,2340,sub-urban,2005,0.0,furnished,Good,0.0,0.27,406609,20
2.0,4.0,1401,Suburban,1987,1.0,unfurnished,new,1.0,0.25,277469,38
2.0,1.0,1357,Urban,1985,1.0,furnished,old,0.0,0.53,242995,40
2.0,3.0,1241,Rural,1995,0.0,semi-furnished,New,0.0,0.05,239872,30
2.0,2.0,1798,urbn,2003,0.0,semi-furnished,Good,0.0,0.23,309405,22
5.0,3.0,1428,Suburban,2018,1.0,semi-furnished,gd,0.0,0.11,269647,7
1.0,3.0,1240,ruraal,2009,1.0,unfurnished,Good,0.0,0.35,240989,16
3.0,3.0,2029,urbn,1992,1.0,semi-furnished,old,1.0,0.18,347149,33
3.0,3.0,2068,Suburban,1984,1.0,semi furnished,new,0.0,0.34,351453,41
3.0,2.0,1260,Urban,2004,0.0,furnished,New,0.0,0.33,231740,21
2.0,1.0,753,Urban,1999,1.0,unfurnished,gd,0.0,0.37,167115,26
3.0,2.0,1903,urbn,1997,1.0,unfurnished,New,1.0,0.33,351935,28
3.0,1.0,1226,urbn,1997,1.0,unfurnished,gd,0.0,0.22,232664,28
5.0,2.0,1816,sub-urban,1981,0.0,furnished,New,0.0,0.04,328445,44
4.0,2.0,712,Rural,1989,1.0,furnished,new,0.0,0.4,150790,36
2.0,2.0,1857,Suburban,1991,1.0,semi-furnished,gd,1.0,0.46,323247,34
2.0,2.0,1016,urbn,1992,1.0,unfurnished,Old,0.0,0.11,198411,33
4.0,3.0,1792,Rural,1990,1.0,furnished,New,0.0,0.36,309713,35
5.0,1.0,1506,sub-urban,1998,0.0,unfurnished,New,0.0,0.07,278110,27
3.0,3.0,1118,Rural,2014,1.0,semi furnished,Good,0.0,0.28,245364,11
3.0,4.0,1337,urbn,2018,1.0,semi furnished,gd,1.0,0.31,247865,7
2.0,2.0,1775,Urban,2005,1.0,semi furnished,old,0.0,0.19,308153,20
4.0,2.0,1542,Suburban,1993,1.0,semi-furnished,Old,1.0,0.26,255871,32
2.0,3.0,1734,Suburban,2023,1.0,unfurnished,new,0.0,0.38,322563,2
2.0,1.0,2291,Urban,2003,0.0,semi-furnished,Good,1.0,0.23,416115,22
3.0,2.0,874,urbn,2020,1.0,furnished,Old,0.0,0.15,184969,5
3.0,2.0,2147,Suburban,1980,0.0,semi-furnished,gd,0.0,0.07,357112,45
2.0,1.0,1542,urbn,2022,0.0,furnished,Old,0.0,0.19,297714,3
2.0,2.0,1140,sub-urban,2001,0.0,furnished,New,1.0,0.07,215976,24
3.0,1.0,968,urbn,2002,1.0,furnished,New,1.0,0.19,217339,23
2.0,1.0,1424,Rural,1998,1.0,semi-furnished,Good,0.0,0.18,264049,27
3.0,1.0,1869,Urban,1997,1.0,semi-furnished,gd,1.0,0.37,334480,28
2.0,2.0,1449,urbn,1991,1.0,semi-furnished,gd,0.0,0.26,273821,34
3.0,2.0,2104,sub-urban,2007,1.0,unfurnished,Old,0.0,0.63,350380,18
3.0,2.0,920,ruraal,2007,0.0,semi-furnished,Good,0.0,0.05,187726,18
1.0,2.0,1495,Urban,2012,1.0,unfurnished,gd,0.0,0.3,278707,13
2.0,2.0,999,Suburban,1998,0.0,unfurnished,old,1.0,0.18,187940,27
2.0,2.0,1645,Rural,2007,0.0,furnished,old,0.0,0.11,307850,18
1.0,2.0,1855,Suburban,2016,1.0,semi-furnished,New,0.0,0.25,339832,9
3.0,1.0,1332,sub-urban,2005,0.0,unfurnished,Old,0.0,0.23,239613,20
2.0,2.0,458,sub-urban,2014,0.0,semi furnished,new,0.0,0.41,116423,11
4.0,1.0,1580,Suburban,2013,1.0,unfurnished,New,0.0,0.26,298167,12
2.0,2.0,1675,Urban,2014,1.0,semi furnished,Good,0.0,0.15,327598,11
4.0,2.0,1662,Suburban,2019,1.0,semi-furnished,gd,0.0,0.3,300773,6
4.0,1.0,1994,urbn,1995,1.0,semi-furnished,New,0.0,0.22,358487,30
3.0,1.0,1072,Suburban,2017,1.0,semi-furnished,new,0.0,0.08,233905,8
3.0,3.0,1772,Rural,1992,1.0,semi-furnished,new,0.0,0.21,322586,33
3.0,2.0,1977,Rural,2002,0.0,semi-furnished,old,0.0,0.28,333054,23
2.0,1.0,789,ruraal,2001,1.0,semi-furnished,Good,0.0,0.26,173473,24
5.0,2.0,1628,Rural,1995,1.0,unfurnished,New,0.0,0.3,300987,30
4.0,1.0,1298,Suburban,2007,1.0,furnished,Old,0.0,0.17,237982,18
3.0,2.0,1467,Rural,2014,1.0,unfurnished,New,0.0,0.3,292449,11
2.0,2.0,1639,Urban,1987,0.0,unfurnished,old,0.0,0.27,282756,38
4.0,1.0,1305,Rural,2023,0.0,furnished,new,0.0,0.27,267682,2
5.0,1.0,1230,urbn,2001,1.0,furnished,Good,0.0,0.25,233981,24
2.0,1.0,1514,Urban,2000,0.0,unfurnished,Good,0.0,0.58,259128,25
1.0,2.0,1065,ruraal,2005,1.0,semi furnished,Old,1.0,0.42,178692,20
4.0,1.0,1066,urbn,2019,0.0,semi-furnished,Good,0.0,0.29,190519,6
3.0,2.0,1772,Suburban,2000,1.0,furnished,old,0.0,0.13,289340,25
4.0,1.0,1040,Suburban,2004,1.0,unfurnished,old,1.0,0.21,206665,21
2.0,2.0,1767,Suburban,2020,0.0,furnished,old,0.0,0.49,299537,5
4.0,2.0,1685,urbn,1980,0.0,semi furnished,Good,1.0,0.17,281209,45
2.0,3.0,810,urbn,1985,1.0,semi-furnished,Good,0.0,0.23,167391,40
2.0,2.0,1229,urbn,2002,1.0,unfurnished,old,0.0,0.22,214132,23
2.0,2.0,1978,Urban,2002,1.0,unfurnished,Good,0.0,0.31,351931,23
4.0,2.0,1108,sub-urban,2022,0.0,semi-furnished,Good,0.0,0.18,220183,3
4.0,2.0,1314,Urban,2022,1.0,semi furnished,new,1.0,0.28,274141,3
3.0,2.0,1685,Suburban,2002,1.0,furnished,New,0.0,0.19,287767,23
3.0,1.0,1813,sub-urban,2011,0.0,furnished,gd,0.0,0.45,319804,14
5.0,3.0,1399,Rural,2009,1.0,furnished,Good,1.0,0.15,267636,16
3.0,2.0,1261,Suburban,1992,0.0,semi-furnished,gd,0.0,0.4,220534,33
4.0,1.0,2069,ruraal,2022,0.0,semi furnished,gd,0.0,0.16,338576,3
3.0,2.0,2196,Urban,1997,0.0,semi furnished,new,0.0,0.12,382913,28
3.0,2.0,1892,urbn,2002,0.0,furnished,Good,0.0,0.14,340041,23
3.0,3.0,1534,Urban,1994,0.0,furnished,old,1.0,0.01,250282,31
2.0,3.0,1177,urbn,2012,1.0,semi-furnished,gd,0.0,0.32,220825,13
4.0,3.0,1168,sub-urban,2000,0.0,furnished,Good,0.0,0.08,221715,25
3.0,1.0,1709,ruraal,2018,0.0,furnished,Old,0.0,0.2,311399,7
2.0,2.0,1667,sub-urban,2002,0.0,unfurnished,old,0.0,0.36,287526,23
5.0,2.0,2061,ruraal,2006,1.0,unfurnished,Old,0.0,0.36,369860,19
3.0,1.0,1760,Urban,2023,1.0,semi furnished,Old,1.0,0.04,302847,2
3.0,1.0,899,urbn,1997,1.0,semi furnished,gd,0.0,0.3,164281,28
5.0,3.0,1921,sub-urban,2003,1.0,semi-furnished,Old,0.0,0.42,344127,22
3.0,1.0,1101,ruraal,2019,1.0,semi-furnished,new,1.0,0.15,207654,6
2.0,2.0,1346,Suburban,2021,0.0,furnished,new,1.0,0.33,272915,4
5.0,1.0,1600,Suburban,1986,1.0,unfurnished,gd,0.0,0.08,284455,39
3.0,1.0,2298,sub-urban,1999,1.0,furnished,Good,0.0,0.31,385690,26
2.0,1.0,2744,urbn,2006,1.0,furnished,New,0.0,0.27,468733,19
2.0,2.0,1743,sub-urban,1985,0.0,unfurnished,Good,0.0,0.35,290759,40
4.0,3.0,1427,Urban,2006,1.0,semi-furnished,Good,0.0,0.34,262267,19
3.0,2.0,1714,ruraal,1988,0.0,semi-furnished,Good,0.0,0.05,300074,37
3.0,2.0,1855,Urban,2010,1.0,semi-furnished,Good,0.0,0.27,326288,15
5.0,1.0,1372,Suburban,2000,1.0,semi-furnished,old,0.0,0.47,245151,25
4.0,2.0,2218,ruraal,2005,0.0,unfurnished,New,0.0,0.08,391441,20
2.0,2.0,1592,sub-urban,2019,1.0,furnished,old,1.0,0.4,311396,6
2.0,3.0,1699,Urban,1992,0.0,furnished,Old,1.0,0.49,297788,33
2.0,1.0,1766,Rural,2002,1.0,furnished,Good,0.0,0.03,323700,23
4.0,2.0,1669,urbn,1999,1.0,semi furnished,new,0.0,0.15,300688,26
1.0,1.0,1836,urbn,2016,0.0,semi-furnished,gd,1.0,0.33,317459,9
3.0,2.0,1253,Rural,2007,0.0,semi-furnished,gd,1.0,0.12,246083,18
4.0,3.0,1277,Suburban,1996,1.0,semi furnished,old,0.0,0.45,228615,29
5.0,2.0,1060,ruraal,2007,0.0,furnished,old,0.0,0.41,211895,18
2.0,2.0,1676,urbn,2020,0.0,semi-furnished,new,0.0,0.04,323854,5
4.0,2.0,1812,Rural,1981,0.0,furnished,Good,1.0,0.14,328591,44
2.0,2.0,1683,sub-urban,2004,1.0,semi-furnished,New,0.0,0.37,321624,21
4.0,3.0,2170,Rural,2020,1.0,furnished,Old,1.0,0.36,347446,5
2.0,3.0,1498,Suburban,1985,0.0,semi-furnished,gd,0.0,0.58,271345,40
3.0,2.0,1767,Suburban,1990,0.0,furnished,Old,1.0,0.12,318879,35
4.0,3.0,1063,Urban,2017,0.0,semi-furnished,New,0.0,0.47,205332,8
2.0,2.0,1345,urbn,1985,0.0,semi-furnished,old,1.0,0.11,246038,40
2.0,2.0,1778,Urban,1990,1.0,unfurnished,gd,0.0,0.33,304473,35
4.0,2.0,1840,Rural,1993,1.0,semi-furnished,Old,1.0,0.38,337075,32
4.0,1.0,1382,ruraal,1981,0.0,unfurnished,old,0.0,0.2,234140,44
3.0,3.0,1471,ruraal,2019,0.0,semi-furnished,New,0.0,0.39,271721,6
4.0,1.0,893,Suburban,1982,0.0,semi furnished,Old,0.0,0.46,165909,43
3.0,4.0,1357,ruraal,2014,1.0,semi-furnished,Good,0.0,0.41,274044,11
2.0,2.0,1856,ruraal,2012,1.0,semi-furnished,old,0.0,0.56,331047,13
2.0,2.0,1730,ruraal,2003,1.0,unfurnished,New,0.0,0.39,336426,22
2.0,2.0,1700,Rural,1998,0.0,semi-furnished,Old,1.0,0.17,283669,27
5.0,3.0,1520,ruraal,1997,0.0,semi-furnished,Good,0.0,0.44,259907,28
3.0,2.0,1503,sub-urban,2003,0.0,furnished,Good,0.0,0.16,284636,22
3.0,2.0,1236,ruraal,2014,0.0,semi-furnished,New,0.0,0.26,225798,11
3.0,1.0,1780,ruraal,1980,1.0,furnished,new,0.0,0.37,316483,45
5.0,2.0,1668,Urban,2015,1.0,furnished,gd,0.0,0.32,323953,10
2.0,1.0,1697,Rural,2004,1.0,furnished,New,0.0,0.45,305915,21
3.0,3.0,1290,Suburban,2022,1.0,unfurnished,Good,1.0,0.62,236890,3
3.0,2.0,639,Urban,2013,0.0,furnished,Good,0.0,0.08,144125,12
3.0,2.0,1939,urbn,2004,1.0,furnished,New,0.0,0.2,334053,21
1.0,1.0,1308,Rural,1995,0.0,semi furnished,new,1.0,0.3,269773,30
5.0,1.0,1155,sub-urban,2013,0.0,semi-furnished,gd,0.0,0.18,212101,12
5.0,3.0,1777,Rural,2008,1.0,unfurnished,Old,0.0,0.24,302398,17
3.0,1.0,1343,urbn,1998,0.0,semi-furnished,New,0.0,0.37,256544,27
4.0,1.0,1924,urbn,2002,1.0,semi-furnished,gd,1.0,0.35,342156,23
5.0,1.0,1747,urbn,1998,0.0,unfurnished,gd,0.0,0.29,309373,27
4.0,2.0,1773,Suburban,2004,1.0,furnished,old,0.0,0.27,317165,21
2.0,3.0,954,ruraal,1995,1.0,semi furnished,Good,0.0,0.22,190127,30
3.0,2.0,1985,Rural,1988,0.0,semi-furnished,Old,0.0,0.46,323936,37
3.0,1.0,1605,ruraal,1980,1.0,furnished,New,0.0,0.5,304255,45
3.0,2.0,1352,ruraal,2021,0.0,unfurnished,Good,0.0,0.4,245266,4
4.0,3.0,1557,sub-urban,1998,1.0,semi-furnished,old,0.0,0.08,269659,27
5.0,2.0,790,urbn,2012,1.0,semi-furnished,old,1.0,0.21,174527,13
5.0,1.0,1663,Suburban,2013,1.0,semi-furnished,Good,0.0,0.28,282963,12
3.0,1.0,1088,sub-urban,1995,1.0,furnished,new,0.0,0.11,221309,30
2.0,1.0,959,Urban,2023,0.0,semi-furnished,gd,0.0,0.26,195608,2
3.0,2.0,891,Suburban,2019,1.0,semi-furnished,New,0.0,0.25,208868,6
4.0,3.0,1945,ruraal,1997,1.0,semi furnished,New,0.0,0.41,346346,28
2.0,1.0,1248,Suburban,2013,1.0,semi furnished,New,0.0,0.18,258248,12
5.0,1.0,2113,urbn,2004,0.0,furnished,Good,0.0,0.42,368246,21
5.0,1.0,1286,Urban,1985,1.0,unfurnished,new,0.0,0.11,249832,40
3.0,2.0,817,urbn,2000,1.0,furnished,Old,0.0,0.13,185917,25
3.0,1.0,1053,Urban,1985,0.0,semi furnished,old,0.0,0.19,196102,40
3.0,3.0,1994,sub-urban,2011,1.0,furnished,Good,0.0,0.26,346316,14
1.0,2.0,1438,ruraal,2020,0.0,furnished,Old,0.0,0.11,261138,5
2.0,2.0,1281,Urban,2022,1.0,semi-furnished,old,0.0,0.32,236360,3
4.0,1.0,1564,Urban,2018,1.0,semi-furnished,old,1.0,0.51,294136,7
1.0,1.0,1701,Urban,2010,1.0,semi-furnished,new,0.0,0.35,330557,15
2.0,2.0,1947,Suburban,2021,1.0,furnished,gd,1.0,0.22,353370,4
3.0,3.0,2079,sub-urban,1989,1.0,semi furnished,New,1.0,0.09,377751,36
3.0,2.0,1356,Suburban,2009,0.0,semi-furnished,Old,0.0,0.02,253378,16
5.0,2.0,970,ruraal,1997,0.0,furnished,Good,0.0,0.0,201972,28
2.0,1.0,1335,Urban,2003,1.0,semi-furnished,Old,0.0,0.23,241524,22
2.0,2.0,1604,sub-urban,1988,0.0,furnished,gd,0.0,0.57,285123,37
4.0,3.0,1114,sub-urban,2010,0.0,semi-furnished,New,0.0,0.16,232323,15
3.0,1.0,1117,Rural,1994,1.0,semi furnished,Old,1.0,0.36,221850,31
2.0,2.0,1638,ruraal,1983,0.0,semi-furnished,gd,0.0,0.15,268879,42
3.0,2.0,1481,sub-urban,2019,0.0,semi-furnished,Good,0.0,0.2,280977,6
2.0,2.0,1513,Urban,1988,1.0,furnished,new,0.0,0.11,289979,37
2.0,3.0,1197,Urban,1988,0.0,semi-furnished,old,0.0,0.04,223289,37
3.0,3.0,1408,sub-urban,2005,1.0,semi-furnished,Good,1.0,0.27,252478,20
3.0,2.0,1130,Suburban,1983,1.0,furnished,New,1.0,0.29,234824,42
5.0,1.0,1856,ruraal,1996,1.0,furnished,old,0.0,0.35,331233,29
3.0,2.0,1914,Urban,1995,0.0,semi-furnished,Good,0.0,0.0,322494,30
3.0,4.0,762,sub-urban,1994,1.0,furnished,Good,0.0,0.38,157095,31
3.0,1.0,1128,Urban,2014,1.0,semi furnished,Good,1.0,0.38,237805,11
1.0,2.0,901,sub-urban,1984,1.0,unfurnished,Good,0.0,0.31,175479,41
4.0,2.0,1240,ruraal,1984,0.0,furnished,old,0.0,0.19,220915,41
2.0,2.0,1467,sub-urban,1999,1.0,semi-furnished,New,1.0,0.3,276704,26
3.0,2.0,920,Rural,1994,1.0,semi-furnished,gd,0.0,0.23,205199,31
2.0,4.0,1131,sub-urban,1997,1.0,furnished,Old,1.0,0.4,226456,28
3.0,1.0,1098,sub-urban,1981,1.0,unfurnished,new,0.0,0.2,218546,44
1.0,1.0,1583,ruraal,2008,1.0,furnished,Old,1.0,0.27,286826,17
3.0,1.0,1528,sub-urban,1992,1.0,unfurnished,Old,0.0,0.01,260516,33
3.0,3.0,1211,ruraal,1983,0.0,unfurnished,new,0.0,0.3,232349,42
3.0,2.0,1571,Rural,2021,1.0,semi furnished,old,0.0,0.14,291701,4
1.0,1.0,1281,ruraal,1989,0.0,semi-furnished,New,1.0,0.33,244052,36
4.0,3.0,1391,Urban,2010,1.0,semi-furnished,new,0.0,0.37,271905,15
2.0,3.0,2169,ruraal,2020,0.0,semi-furnished,New,0.0,0.16,380876,5
5.0,3.0,2036,Rural,1987,1.0,unfurnished,old,0.0,0.25,361801,38
2.0,4.0,980,urbn,1982,0.0,semi-furnished,Old,0.0,0.28,177233,43
2.0,1.0,1832,sub-urban,1988,1.0,furnished,New,0.0,0.31,340372,37
1.0,3.0,1825,ruraal,2009,1.0,unfurnished,old,1.0,0.37,341690,16
3.0,2.0,1041,sub-urban,1990,0.0,semi-furnished,old,0.0,0.35,190579,35
3.0,3.0,1828,Suburban,2014,0.0,furnished,gd,0.0,0.19,316314,11
1.0,3.0,2115,Urban,2016,0.0,semi furnished,new,0.0,0.49,384877,9
4.0,3.0,1051,Urban,2021,1.0,semi-furnished,gd,0.0,0.36,194238,4
3.0,2.0,1133,Suburban,1992,1.0,furnished,Old,0.0,0.46,217856,33
3.0,1.0,1907,Suburban,2015,1.0,furnished,new,0.0,0.3,333497,10
3.0,2.0,1609,ruraal,1992,0.0,semi-furnished,Old,0.0,0.31,292174,33
3.0,2.0,1721,Suburban,1991,1.0,furnished,gd,0.0,0.23,304029,34
3.0,4.0,1636,urbn,2016,1.0,furnished,old,0.0,0.18,292892,9
2.0,1.0,1656,sub-urban,1989,1.0,unfurnished,Old,0.0,0.4,284158,36
2.0,1.0,969,sub-urban,1988,1.0,unfurnished,new,0.0,0.29,187323,37
5.0,1.0,1919,Rural,1986,0.0,semi-furnished,new,1.0,0.23,359909,39
5.0,3.0,1968,Suburban,1981,0.0,furnished,Old,1.0,0.1,336889,44
3.0,3.0,1408,Suburban,2002,0.0,unfurnished,new,0.0,0.48,298888,23
2.0,1.0,1483,urbn,2018,0.0,unfurnished,old,0.0,0.27,258148,7
3.0,2.0,888,Urban,2019,0.0,furnished,old,1.0,0.07,177733,6
3.0,3.0,1706,Urban,2018,0.0,semi furnished,new,0.0,0.26,305728,7
1.0,3.0,1729,sub-urban,2000,0.0,unfurnished,Old,0.0,0.22,297788,25
2.0,2.0,1475,sub-urban,2002,1.0,semi-furnished,gd,0.0,0.21,282602,23
4.0,2.0,1950,ruraal,2008,1.0,furnished,new,0.0,0.34,364401,17
4.0,2.0,1366,urbn,1993,1.0,semi-furnished,new,0.0,0.22,248654,32
1.0,1.0,1726,Rural,2005,1.0,unfurnished,new,1.0,0.2,339141,20
2.0,2.0,1092,Rural,1984,0.0,semi-furnished,new,0.0,0.45,222628,41
2.0,2.0,1491,urbn,2010,1.0,semi-furnished,Old,0.0,0.01,275664,15
4.0,3.0,1430,Rural,2004,0.0,unfurnished,gd,0.0,0.24,253658,21
1.0,2.0,1590,Urban,2010,1.0,semi furnished,gd,0.0,0.39,284601,15
2.0,3.0,1352,Rural,1999,0.0,furnished,New,1.0,0.34,266171,26
4.0,1.0,1447,Rural,2023,1.0,semi-furnished,new,0.0,0.4,271318,2
2.0,2.0,1830,urbn,1996,0.0,unfurnished,new,1.0,0.55,349026,29
4.0,1.0,1325,urbn,1981,0.0,semi-furnished,New,0.0,0.5,244190,44
2.0,1.0,857,Rural,2004,1.0,furnished,gd,0.0,0.08,155082,21
1.0,3.0,2200,Suburban,1992,0.0,semi-furnished,Good,1.0,0.01,367585,33
2.0,2.0,2053,urbn,2018,1.0,semi-furnished,old,0.0,0.3,344370,7
4.0,1.0,983,ruraal,2007,1.0,unfurnished,Good,0.0,0.05,196417,18
5.0,2.0,1776,ruraal,2021,1.0,unfurnished,gd,1.0,0.04,329961,4
4.0,3.0,1299,Urban,1985,1.0,furnished,new,0.0,0.3,247588,40
3.0,1.0,1605,Rural,1982,1.0,semi furnished,Good,1.0,0.34,293959,43
4.0,2.0,1618,Suburban,2014,0.0,unfurnished,Old,0.0,0.51,283177,11
2.0,3.0,1406,Urban,1997,1.0,semi-furnished,Old,0.0,0.37,253331,28
2.0,2.0,1186,Rural,1990,1.0,semi-furnished,New,0.0,0.54,253619,35
5.0,1.0,1224,urbn,1999,1.0,furnished,gd,0.0,0.3,245654,26
1.0,2.0,1134,ruraal,1984,0.0,semi-furnished,gd,0.0,0.08,216183,41
1.0,3.0,1167,sub-urban,1998,1.0,semi furnished,Good,1.0,0.37,241017,27
2.0,2.0,1473,Suburban,2001,1.0,furnished,new,1.0,0.45,264088,24
1.0,1.0,1214,sub-urban,1998,1.0,semi-furnished,gd,0.0,0.31,218675,27
2.0,3.0,1773,ruraal,1995,1.0,semi-furnished,Good,0.0,0.47,310828,30
3.0,1.0,2095,sub-urban,2003,0.0,furnished,Good,0.0,0.23,351942,22
3.0,3.0,1268,urbn,2020,0.0,semi furnished,old,0.0,0.33,218943,5
5.0,1.0,1596,Rural,1983,1.0,semi-furnished,old,1.0,0.22,292405,42
4.0,2.0,1700,urbn,1994,1.0,furnished,gd,0.0,0.61,317857,31
2.0,2.0,1689,sub-urban,2004,1.0,furnished,Good,1.0,0.38,311222,21
2.0,2.0,1530,urbn,2023,0.0,semi-furnished,New,0.0,0.08,295782,2
3.0,1.0,1797,ruraal,2014,1.0,furnished,New,1.0,0.53,339125,11
3.0,2.0,1693,Suburban,1993,1.0,semi furnished,old,0.0,0.14,293334,32
2.0,3.0,1005,urbn,1998,1.0,unfurnished,gd,0.0,0.25,204742,27
3.0,2.0,1848,ruraal,2017,1.0,unfurnished,new,0.0,0.32,326518,8
3.0,2.0,1855,Suburban,2015,0.0,furnished,New,1.0,0.33,324816,10
3.0,2.0,1195,Rural,1986,1.0,unfurnished,New,0.0,0.32,222227,39
3.0,3.0,1515,sub-urban,2009,0.0,furnished,old,0.0,0.08,277786,16
2.0,3.0,1773,Rural,1998,1.0,furnished,old,0.0,0.32,306622,27
5.0,2.0,1416,Urban,2004,0.0,semi-furnished,gd,0.0,0.42,262165,21
4.0,2.0,1929,ruraal,1995,1.0,semi furnished,old,0.0,0.41,350319,30
2.0,2.0,2446,Suburban,2019,0.0,furnished,Old,0.0,0.05,399267,6
5.0,2.0,1186,urbn,1987,1.0,semi-furnished,Good,0.0,0.15,237542,38
3.0,1.0,948,Rural,1997,1.0,furnished,New,0.0,0.09,197837,28
5.0,2.0,1622,Suburban,2007,1.0,semi-furnished,Old,0.0,0.3,284416,18
4.0,2.0,1789,ruraal,1995,0.0,semi-furnished,new,0.0,0.02,323362,30
3.0,3.0,1408,Urban,1998,0.0,furnished,Old,0.0,0.08,253377,27
1.0,1.0,2081,Rural,2021,0.0,unfurnished,gd,0.0,0.15,359445,4
2.0,2.0,965,sub-urban,1996,1.0,semi-furnished,new,0.0,0.02,210253,29
3.0,2.0,1777,Suburban,1992,0.0,semi furnished,new,0.0,0.25,321002,33
3.0,2.0,1258,sub-urban,1986,1.0,semi-furnished,old,1.0,0.07,236107,39
2.0,1.0,2188,Suburban,2006,1.0,furnished,Old,0.0,0.32,370437,19
2.0,2.0,2297,Suburban,1989,1.0,semi-furnished,gd,0.0,0.19,394933,36
4.0,2.0,1193,ruraal,2013,1.0,furnished,New,0.0,0.16,228183,12
3.0,2.0,1280,ruraal,2015,1.0,unfurnished,old,0.0,0.18,229455,10
3.0,2.0,1844,ruraal,2004,0.0,furnished,Old,0.0,0.24,313925,21
2.0,2.0,1345,urbn,1985,1.0,semi-furnished,New,0.0,0.34,264399,40
2.0,3.0,1482,Suburban,2003,1.0,semi-furnished,Old,0.0,0.45,289529,22
1.0,1.0,1510,Rural,1997,0.0,semi-furnished,old,1.0,0.4,271507,28
5.0,3.0,732,sub-urban,2002,1.0,semi-furnished,New,0.0,0.58,152658,23
2.0,2.0,1494,ruraal,1985,1.0,semi-furnished,old,0.0,0.35,258398,40
3.0,1.0,1224,ruraal,2008,1.0,unfurnished,Old,0.0,0.27,236989,17
2.0,1.0,1303,sub-urban,2004,0.0,unfurnished,new,0.0,0.18,241747,21
3.0,2.0,2077,sub-urban,1996,1.0,unfurnished,Good,0.0,0.19,347893,29
4.0,3.0,997,Suburban,2003,0.0,furnished,new,1.0,0.33,218887,22
4.0,3.0,1825,ruraal,1990,0.0,semi-furnished,old,0.0,0.1,316599,35
2.0,3.0,1388,sub-urban,2005,1.0,semi-furnished,old,0.0,0.28,234675,20
1.0,2.0,1388,urbn,2013,1.0,semi-furnished,old,1.0,0.25,254050,12
2.0,2.0,1816,urbn,2007,1.0,semi furnished,New,0.0,0.14,346447,18
5.0,1.0,1636,ruraal,1982,0.0,unfurnished,gd,0.0,0.09,295528,43
5.0,2.0,1728,sub-urban,1990,1.0,furnished,old,0.0,0.63,290426,35
3.0,2.0,1887,Suburban,2017,1.0,semi-furnished,new,0.0,0.04,326761,8
3.0,1.0,1367,Suburban,1993,0.0,furnished,Good,0.0,0.24,251535,32
4.0,1.0,1255,Suburban,2005,1.0,furnished,old,1.0,0.43,238489,20
2.0,2.0,1066,Urban,2000,0.0,furnished,old,1.0,0.33,208917,25
5.0,3.0,1170,ruraal,2018,1.0,semi-furnished,old,1.0,0.18,237647,7
3.0,2.0,2680,Suburban,2009,1.0,furnished,New,1.0,0.07,461437,16
3.0,4.0,1998,urbn,1987,0.0,semi-furnished,old,0.0,0.27,332979,38
3.0,2.0,960,sub-urban,1999,0.0,semi furnished,new,0.0,0.15,190009,26
1.0,2.0,971,Rural,2011,0.0,furnished,Old,1.0,0.28,186418,14
2.0,2.0,1693,Rural,2001,0.0,furnished,gd,0.0,0.26,304998,24
4.0,3.0,1719,Suburban,1986,1.0,furnished,old,0.0,0.41,301691,39
1.0,1.0,1720,Rural,1988,1.0,furnished,New,0.0,0.08,300171,37
3.0,2.0,1398,Rural,1980,0.0,semi furnished,new,1.0,0.2,275151,45
2.0,3.0,1450,Urban,2008,0.0,semi furnished,old,0.0,0.32,255799,17
3.0,2.0,1631,urbn,1987,1.0,semi furnished,New,0.0,0.28,309962,38
2.0,2.0,1534,urbn,1983,1.0,semi-furnished,Old,0.0,0.05,261753,42
3.0,2.0,612,Urban,2014,0.0,semi furnished,Good,0.0,0.15,130543,11
4.0,1.0,1408,Urban,1982,0.0,semi furnished,old,1.0,0.46,257317,43
2.0,2.0,1159,Rural,2019,1.0,semi-furnished,new,0.0,0.29,226885,6
3.0,2.0,1570,ruraal,1986,0.0,semi-furnished,New,0.0,0.0,285151,39
3.0,1.0,2694,sub-urban,2006,0.0,unfurnished,New,0.0,0.38,448399,19
4.0,1.0,1647,sub-urban,1980,1.0,furnished,old,0.0,0.01,284336,45
5.0,3.0,1375,Rural,2006,1.0,semi furnished,New,0.0,0.2,267331,19
4.0,1.0,1869,sub-urban,1995,1.0,furnished,Good,1.0,0.33,336703,30
2.0,2.0,1693,Urban,2017,1.0,furnished,New,0.0,0.43,313903,8
1.0,1.0,1668,urbn,1986,1.0,furnished,gd,0.0,0.1,300934,39
2.0,4.0,1743,sub-urban,2023,0.0,semi-furnished,gd,0.0,0.36,312728,2
3.0,1.0,2323,Rural,2002,0.0,semi-furnished,New,0.0,0.38,403156,23
1.0,2.0,1048,ruraal,2020,0.0,furnished,old,1.0,0.17,202141,5
3.0,3.0,1689,Rural,1990,0.0,furnished,gd,0.0,0.26,307232,35
3.0,3.0,1129,Suburban,2021,1.0,furnished,new,1.0,0.21,244613,4
2.0,1.0,1722,Rural,2012,1.0,unfurnished,gd,0.0,0.16,300539,13
4.0,3.0,1133,Urban,2015,1.0,unfurnished,New,0.0,0.42,234639,10
2.0,2.0,1333,urbn,2016,1.0,furnished,old,0.0,0.17,257105,9
1.0,2.0,1382,urbn,2020,0.0,semi-furnished,Old,0.0,0.2,250684,5
4.0,1.0,1890,sub-urban,1996,0.0,furnished,old,1.0,0.29,329749,29
3.0,1.0,1867,Urban,2014,1.0,furnished,old,0.0,0.2,307461,11
4.0,3.0,1002,Suburban,1984,1.0,furnished,old,0.0,0.18,183866,41
3.0,2.0,1522,Urban,2011,1.0,furnished,new,0.0,0.31,299137,14
2.0,2.0,1216,Rural,1982,1.0,unfurnished,Good,0.0,0.03,221174,43
4.0,3.0,997,Urban,2014,1.0,semi-furnished,New,1.0,0.42,217952,11
4.0,3.0,1413,Urban,1993,1.0,semi-furnished,Good,0.0,0.22,252164,32
4.0,1.0,1377,Suburban,2010,0.0,furnished,Old,0.0,0.1,251058,15
2.0,2.0,2471,Rural,2010,1.0,semi furnished,Good,0.0,0.08,426787,15
3.0,1.0,1673,ruraal,1996,1.0,semi-furnished,New,0.0,0.26,314555,29
3.0,3.0,949,ruraal,2003,0.0,semi-furnished,New,0.0,0.2,186756,22
1.0,2.0,1274,urbn,2002,1.0,furnished,Old,0.0,0.02,237767,23
5.0,2.0,1909,sub-urban,1997,0.0,semi-furnished,New,1.0,0.16,363716,28
2.0,1.0,2335,Urban,1993,1.0,furnished,Old,1.0,0.13,403535,32
3.0,1.0,866,urbn,1994,0.0,semi furnished,Old,0.0,0.44,169833,31
3.0,1.0,748,Suburban,1994,1.0,semi-furnished,New,0.0,0.27,151890,31
